146,176,3.6,100,0,5,146,100,2,MockAllocationAll,0,1300.0,164.46958271145758,0.668166429884289,0.30697997933143034,52.0,7.461846872250412,7.461846872250412,nan,0.9519145337862303,0.05459902733130134,0.5598503545626109,0.542896522689897,.//cost_matrices//cost_matrix_m176_n146.json,.//cost_matrices//quota_matrix_m176_n146.json,PrefLib_176X146_orig.json
146,176,3.6,100,0,5,146,100,2,Egalitarian,0,1300.0,nan,0.5605718635645569,0.17294520547945205,52.0,5.314560036675193,5.314560036675193,nan,0.9519145337862303,0.05459902733130134,0.5598503545626109,0.542896522689897,.//cost_matrices//cost_matrix_m176_n146.json,.//cost_matrices//quota_matrix_m176_n146.json,PrefLib_176X146_orig.json
146,176,3.6,100,0,5,146,100,2,RankMaximal,0,1300.0,nan,0.5553144146322415,0.1672374429223744,52.0,5.030362058134394,5.030362058134394,nan,0.9519145337862303,0.05459902733130134,0.5598503545626109,0.542896522689897,.//cost_matrices//cost_matrix_m176_n146.json,.//cost_matrices//quota_matrix_m176_n146.json,PrefLib_176X146_orig.json
146,176,3.6,100,0,5,146,100,2,Utilitarian,0,1300.0,nan,0.5642909688998917,0.16837899543378995,52.0,5.052602046807349,5.052602046807349,nan,0.9519145337862303,0.05459902733130134,0.5598503545626109,0.542896522689897,.//cost_matrices//cost_matrix_m176_n146.json,.//cost_matrices//quota_matrix_m176_n146.json,PrefLib_176X146_orig.json
146,176,3.6,5,0,5,146,100,2,MockAllocationAll,0,730.0,126.42600158068984,0.4497793714054751,0.23927829758711522,117.0,6.079605282096772,6.079605282096772,nan,0.9665091979129091,0.035857323335261794,0.5968483164606709,0.2914089780671451,.//cost_matrices//cost_matrix_m176_n146.json,.//cost_matrices//quota_matrix_m176_n146.json,PrefLib_176X146_uniform.json
146,176,3.6,5,0,5,146,100,2,Egalitarian,0,730.0,nan,0.4493150684931507,0.21575342465753425,117.0,6.2189205219579415,6.2189205219579415,nan,0.9665091979129091,0.035857323335261794,0.5968483164606709,0.2914089780671451,.//cost_matrices//cost_matrix_m176_n146.json,.//cost_matrices//quota_matrix_m176_n146.json,PrefLib_176X146_uniform.json
146,176,3.6,5,0,5,146,100,2,RankMaximal,0,730.0,nan,0.4479452054794521,0.22602739726027396,117.0,5.68030024724906,5.68030024724906,nan,0.9665091979129091,0.035857323335261794,0.5968483164606709,0.2914089780671451,.//cost_matrices//cost_matrix_m176_n146.json,.//cost_matrices//quota_matrix_m176_n146.json,PrefLib_176X146_uniform.json
146,176,3.6,5,0,5,146,100,2,Utilitarian,0,730.0,nan,0.4520547945205479,0.23059360730593606,117.0,5.989756303280442,5.989756303280442,nan,0.9665091979129091,0.035857323335261794,0.5968483164606709,0.2914089780671451,.//cost_matrices//cost_matrix_m176_n146.json,.//cost_matrices//quota_matrix_m176_n146.json,PrefLib_176X146_uniform.json
146,176,3.6,6,0,5,146,100,2,MockAllocationAll,0,876.0,106.98898964730463,0.5190875611399436,0.2021225446185427,90.0,5.777903912993374,5.777903912993374,nan,0.9529380167762272,0.03804753721444153,0.5069491336971522,0.2701849553621092,.//cost_matrices//cost_matrix_m176_n146.json,.//cost_matrices//quota_matrix_m176_n146.json,PrefLib_176X146_uniform.json
146,176,3.6,6,0,5,146,100,2,Egalitarian,0,876.0,nan,0.5205479452054794,0.18493150684931506,90.0,5.551438907435754,5.551438907435754,nan,0.9529380167762272,0.03804753721444153,0.5069491336971522,0.2701849553621092,.//cost_matrices//cost_matrix_m176_n146.json,.//cost_matrices//quota_matrix_m176_n146.json,PrefLib_176X146_uniform.json
146,176,3.6,6,0,5,146,100,2,RankMaximal,0,876.0,nan,0.5136986301369864,0.18378995433789952,90.0,5.1135475598882465,5.1135475598882465,nan,0.9529380167762272,0.03804753721444153,0.5069491336971522,0.2701849553621092,.//cost_matrices//cost_matrix_m176_n146.json,.//cost_matrices//quota_matrix_m176_n146.json,PrefLib_176X146_uniform.json
146,176,3.6,6,0,5,146,100,2,Utilitarian,0,876.0,nan,0.5171232876712328,0.18607305936073057,90.0,5.364118857884176,5.364118857884176,nan,0.9529380167762272,0.03804753721444153,0.5069491336971522,0.2701849553621092,.//cost_matrices//cost_matrix_m176_n146.json,.//cost_matrices//quota_matrix_m176_n146.json,PrefLib_176X146_uniform.json
146,176,3.6,7,0,5,146,100,2,MockAllocationAll,0,1022.0,93.29650433114564,0.5740919907081236,0.17560987595398134,66.0,5.645785177277507,5.645785177277507,nan,0.9408996642574545,0.04043202685025777,0.45110585251322377,0.25799172151299643,.//cost_matrices//cost_matrix_m176_n146.json,.//cost_matrices//quota_matrix_m176_n146.json,PrefLib_176X146_uniform.json
146,176,3.6,7,0,5,146,100,2,Egalitarian,0,1022.0,nan,0.5655577299412915,0.14383561643835616,66.0,5.178839156754222,5.178839156754222,nan,0.9408996642574545,0.04043202685025777,0.45110585251322377,0.25799172151299643,.//cost_matrices//cost_matrix_m176_n146.json,.//cost_matrices//quota_matrix_m176_n146.json,PrefLib_176X146_uniform.json
146,176,3.6,7,0,5,146,100,2,RankMaximal,0,1022.0,nan,0.5665362035225049,0.1495433789954338,66.0,4.929093659238414,4.929093659238414,nan,0.9408996642574545,0.04043202685025777,0.45110585251322377,0.25799172151299643,.//cost_matrices//cost_matrix_m176_n146.json,.//cost_matrices//quota_matrix_m176_n146.json,PrefLib_176X146_uniform.json
146,176,3.6,7,0,5,146,100,2,Utilitarian,0,1022.0,nan,0.5684931506849314,0.1523972602739726,66.0,5.155643580871683,5.155643580871683,nan,0.9408996642574545,0.04043202685025777,0.45110585251322377,0.25799172151299643,.//cost_matrices//cost_matrix_m176_n146.json,.//cost_matrices//quota_matrix_m176_n146.json,PrefLib_176X146_uniform.json
146,176,3.6,8,0,5,146,100,2,MockAllocationAll,0,1168.0,80.61503880828175,0.6162350417493877,0.15106539538500927,47.0,5.554012136482791,5.554012136482791,nan,0.9286688076229469,0.041733763593594535,0.40410764740731275,0.24604679852735242,.//cost_matrices//cost_matrix_m176_n146.json,.//cost_matrices//quota_matrix_m176_n146.json,PrefLib_176X146_uniform.json
146,176,3.6,8,0,5,146,100,2,Egalitarian,0,1168.0,nan,0.6027397260273972,0.1095890410958904,47.0,4.5992277254148615,4.5992277254148615,nan,0.9286688076229469,0.041733763593594535,0.40410764740731275,0.24604679852735242,.//cost_matrices//cost_matrix_m176_n146.json,.//cost_matrices//quota_matrix_m176_n146.json,PrefLib_176X146_uniform.json
146,176,3.6,8,0,5,146,100,2,RankMaximal,0,1168.0,nan,0.610445205479452,0.1307077625570776,47.0,4.817148339029867,4.817148339029867,nan,0.9286688076229469,0.041733763593594535,0.40410764740731275,0.24604679852735242,.//cost_matrices//cost_matrix_m176_n146.json,.//cost_matrices//quota_matrix_m176_n146.json,PrefLib_176X146_uniform.json
146,176,3.6,8,0,5,146,100,2,Utilitarian,0,1168.0,nan,0.615582191780822,0.13812785388127852,47.0,4.835162386581498,4.835162386581498,nan,0.9286688076229469,0.041733763593594535,0.40410764740731275,0.24604679852735242,.//cost_matrices//cost_matrix_m176_n146.json,.//cost_matrices//quota_matrix_m176_n146.json,PrefLib_176X146_uniform.json
146,176,3.6,10,0,5,146,100,2,MockAllocationAll,0,1460.0,63.95565202687931,0.6811081383668478,0.11821568563560156,25.0,5.567045911735008,5.567045911735008,nan,0.9069930214815723,0.04309893249014021,0.34327504519119195,0.22876598113295277,.//cost_matrices//cost_matrix_m176_n146.json,.//cost_matrices//quota_matrix_m176_n146.json,PrefLib_176X146_uniform.json
146,176,3.6,10,0,5,146,100,2,Egalitarian,0,1460.0,nan,0.665068493150685,0.06678082191780822,25.0,4.168904662370833,4.168904662370833,nan,0.9069930214815723,0.04309893249014021,0.34327504519119195,0.22876598113295277,.//cost_matrices//cost_matrix_m176_n146.json,.//cost_matrices//quota_matrix_m176_n146.json,PrefLib_176X146_uniform.json
146,176,3.6,10,0,5,146,100,2,RankMaximal,0,1460.0,nan,0.6753424657534246,0.09417808219178082,25.0,4.399934288516752,4.399934288516752,nan,0.9069930214815723,0.04309893249014021,0.34327504519119195,0.22876598113295277,.//cost_matrices//cost_matrix_m176_n146.json,.//cost_matrices//quota_matrix_m176_n146.json,PrefLib_176X146_uniform.json
146,176,3.6,10,0,5,146,100,2,Utilitarian,0,1460.0,nan,0.6732876712328768,0.08904109589041095,25.0,4.229082609577818,4.229082609577818,nan,0.9069930214815723,0.04309893249014021,0.34327504519119195,0.22876598113295277,.//cost_matrices//cost_matrix_m176_n146.json,.//cost_matrices//quota_matrix_m176_n146.json,PrefLib_176X146_uniform.json
146,176,3.6,12,0,5,146,100,2,MockAllocationAll,0,1752.0,51.75928683035364,0.7268834202681104,0.09374953088963872,5.0,5.663855183470677,5.663855183470677,nan,0.8883457085370429,0.04314113426732814,0.3045389258197018,0.21745483965170825,.//cost_matrices//cost_matrix_m176_n146.json,.//cost_matrices//quota_matrix_m176_n146.json,PrefLib_176X146_uniform.json
146,176,3.6,12,0,5,146,100,2,Egalitarian,0,1752.0,nan,0.7111872146118722,0.03767123287671233,5.0,3.7476298633472105,3.7476298633472105,nan,0.8883457085370429,0.04314113426732814,0.3045389258197018,0.21745483965170825,.//cost_matrices//cost_matrix_m176_n146.json,.//cost_matrices//quota_matrix_m176_n146.json,PrefLib_176X146_uniform.json
146,176,3.6,12,0,5,146,100,2,RankMaximal,0,1752.0,nan,0.7106164383561644,0.03767123287671233,5.0,3.773201719376921,3.773201719376921,nan,0.8883457085370429,0.04314113426732814,0.3045389258197018,0.21745483965170825,.//cost_matrices//cost_matrix_m176_n146.json,.//cost_matrices//quota_matrix_m176_n146.json,PrefLib_176X146_uniform.json
146,176,3.6,12,0,5,146,100,2,Utilitarian,0,1752.0,nan,0.7123287671232876,0.04509132420091324,5.0,3.746941339295132,3.746941339295132,nan,0.8883457085370429,0.04314113426732814,0.3045389258197018,0.21745483965170825,.//cost_matrices//cost_matrix_m176_n146.json,.//cost_matrices//quota_matrix_m176_n146.json,PrefLib_176X146_uniform.json
146,176,3.6,15,0,5,146,100,2,MockAllocationAll,0,2190.0,39.97989817050227,0.7759444677346311,0.0706787582175042,0.0,5.865902048130314,5.865902048130314,nan,0.8655741798425385,0.042272186380082476,0.2696408555314188,0.20640440980255095,.//cost_matrices//cost_matrix_m176_n146.json,.//cost_matrices//quota_matrix_m176_n146.json,PrefLib_176X146_uniform.json
146,176,3.6,15,0,5,146,100,2,Egalitarian,0,2190.0,nan,0.7721461187214611,0.04965753424657534,0.0,4.351453185869672,4.351453185869672,nan,0.8655741798425385,0.042272186380082476,0.2696408555314188,0.20640440980255095,.//cost_matrices//cost_matrix_m176_n146.json,.//cost_matrices//quota_matrix_m176_n146.json,PrefLib_176X146_uniform.json
146,176,3.6,15,0,5,146,100,2,RankMaximal,0,2190.0,nan,0.7611872146118721,0.0091324200913242,0.0,3.373383192771306,3.373383192771306,nan,0.8655741798425385,0.042272186380082476,0.2696408555314188,0.20640440980255095,.//cost_matrices//cost_matrix_m176_n146.json,.//cost_matrices//quota_matrix_m176_n146.json,PrefLib_176X146_uniform.json
146,176,3.6,15,0,5,146,100,2,Utilitarian,0,2190.0,nan,0.7598173515981734,0.003424657534246575,0.0,3.287984828433104,3.287984828433104,nan,0.8655741798425385,0.042272186380082476,0.2696408555314188,0.20640440980255095,.//cost_matrices//cost_matrix_m176_n146.json,.//cost_matrices//quota_matrix_m176_n146.json,PrefLib_176X146_uniform.json
146,176,2,12,0,5,146,0,2,MockAllocationAll,0,426.0,158.0,0.12510773092964877,0.2992424242424242,158.0,6.773807768629641,nan,6.773807768629641,0.9864005133910447,0.03500826946794679,0.8600662028346557,0.6711766738265167,.//cost_matrices//cost_matrix_m176_n146.json,.//cost_matrices//quota_matrix_m176_n146.json,PrefLib_176X146_greedy.json
146,176,2,12,0,5,146,0,2,Egalitarian,0,426.0,nan,0.17237442922374427,0.3082191780821918,158.0,6.9348857810001645,nan,6.9348857810001645,0.9864005133910447,0.03500826946794679,0.8600662028346557,0.6711766738265167,.//cost_matrices//cost_matrix_m176_n146.json,.//cost_matrices//quota_matrix_m176_n146.json,PrefLib_176X146_greedy.json
146,176,2,12,0,5,146,0,2,RankMaximal,0,426.0,nan,0.17123287671232876,0.33162100456621,158.0,7.192929681746945,nan,7.192929681746945,0.9864005133910447,0.03500826946794679,0.8600662028346557,0.6711766738265167,.//cost_matrices//cost_matrix_m176_n146.json,.//cost_matrices//quota_matrix_m176_n146.json,PrefLib_176X146_greedy.json
146,176,2,12,0,5,146,0,2,Utilitarian,0,426.0,nan,0.1689497716894977,0.3253424657534247,158.0,7.450892847667571,nan,7.450892847667571,0.9864005133910447,0.03500826946794679,0.8600662028346557,0.6711766738265167,.//cost_matrices//cost_matrix_m176_n146.json,.//cost_matrices//quota_matrix_m176_n146.json,PrefLib_176X146_greedy.json
146,176,2,12,0,5,146,0,2,MockAllocationAll,1,424.0,156.0,0.11363586945778727,0.2954545454545454,156.0,6.631127313350236,nan,6.631127313350236,0.9885148365282046,0.039862681754197785,0.8774877985282822,0.6375118342356734,.//cost_matrices//cost_matrix_m176_n146.json,.//cost_matrices//quota_matrix_m176_n146.json,PrefLib_176X146_greedy.json
146,176,2,12,0,5,146,0,2,Egalitarian,1,424.0,nan,0.15696347031963467,0.3013698630136986,156.0,6.907193133529337,nan,6.907193133529337,0.9885148365282046,0.039862681754197785,0.8774877985282822,0.6375118342356734,.//cost_matrices//cost_matrix_m176_n146.json,.//cost_matrices//quota_matrix_m176_n146.json,PrefLib_176X146_greedy.json
146,176,2,12,0,5,146,0,2,RankMaximal,1,424.0,nan,0.15696347031963467,0.3190639269406393,156.0,6.977331553775538,nan,6.977331553775538,0.9885148365282046,0.039862681754197785,0.8774877985282822,0.6375118342356734,.//cost_matrices//cost_matrix_m176_n146.json,.//cost_matrices//quota_matrix_m176_n146.json,PrefLib_176X146_greedy.json
146,176,2,12,0,5,146,0,2,Utilitarian,1,424.0,nan,0.15639269406392695,0.31563926940639264,156.0,7.1784358815606915,nan,7.1784358815606915,0.9885148365282046,0.039862681754197785,0.8774877985282822,0.6375118342356734,.//cost_matrices//cost_matrix_m176_n146.json,.//cost_matrices//quota_matrix_m176_n146.json,PrefLib_176X146_greedy.json
146,176,2,12,0,5,146,0,2,MockAllocationAll,2,427.0,156.0,0.12173355563766522,0.29545454545454536,156.0,6.647852583514887,nan,6.647852583514887,0.9873006024973857,0.035452374912770084,0.8228800849632582,0.5011451226406965,.//cost_matrices//cost_matrix_m176_n146.json,.//cost_matrices//quota_matrix_m176_n146.json,PrefLib_176X146_greedy.json
146,176,2,12,0,5,146,0,2,Egalitarian,2,427.0,nan,0.1689497716894977,0.3047945205479452,156.0,7.103380624056002,nan,7.103380624056002,0.9873006024973857,0.035452374912770084,0.8228800849632582,0.5011451226406965,.//cost_matrices//cost_matrix_m176_n146.json,.//cost_matrices//quota_matrix_m176_n146.json,PrefLib_176X146_greedy.json
146,176,2,12,0,5,146,0,2,RankMaximal,2,427.0,nan,0.17408675799086756,0.3299086757990867,156.0,7.271021078894399,nan,7.271021078894399,0.9873006024973857,0.035452374912770084,0.8228800849632582,0.5011451226406965,.//cost_matrices//cost_matrix_m176_n146.json,.//cost_matrices//quota_matrix_m176_n146.json,PrefLib_176X146_greedy.json
146,176,2,12,0,5,146,0,2,Utilitarian,2,427.0,nan,0.17579908675799086,0.3264840182648402,156.0,7.354414012423708,nan,7.354414012423708,0.9873006024973857,0.035452374912770084,0.8228800849632582,0.5011451226406965,.//cost_matrices//cost_matrix_m176_n146.json,.//cost_matrices//quota_matrix_m176_n146.json,PrefLib_176X146_greedy.json
146,176,2,12,0,5,146,0,2,MockAllocationAll,3,418.0,165.0,0.12434990808278479,0.31249999999999994,165.0,6.8701015399744305,nan,6.8701015399744305,0.989712835842309,0.03775821455589345,0.8605963698693169,0.6032286386156984,.//cost_matrices//cost_matrix_m176_n146.json,.//cost_matrices//quota_matrix_m176_n146.json,PrefLib_176X146_greedy.json
146,176,2,12,0,5,146,0,2,Egalitarian,3,418.0,nan,0.1815068493150685,0.3236301369863014,165.0,7.269697934962516,nan,7.269697934962516,0.989712835842309,0.03775821455589345,0.8605963698693169,0.6032286386156984,.//cost_matrices//cost_matrix_m176_n146.json,.//cost_matrices//quota_matrix_m176_n146.json,PrefLib_176X146_greedy.json
146,176,2,12,0,5,146,0,2,RankMaximal,3,418.0,nan,0.16038812785388126,0.3253424657534247,165.0,7.462028420130167,nan,7.462028420130167,0.989712835842309,0.03775821455589345,0.8605963698693169,0.6032286386156984,.//cost_matrices//cost_matrix_m176_n146.json,.//cost_matrices//quota_matrix_m176_n146.json,PrefLib_176X146_greedy.json
146,176,2,12,0,5,146,0,2,Utilitarian,3,418.0,nan,0.16152968036529683,0.32819634703196343,165.0,7.2123700230122045,nan,7.2123700230122045,0.989712835842309,0.03775821455589345,0.8605963698693169,0.6032286386156984,.//cost_matrices//cost_matrix_m176_n146.json,.//cost_matrices//quota_matrix_m176_n146.json,PrefLib_176X146_greedy.json
146,176,2,12,0,5,146,0,2,MockAllocationAll,4,420.0,167.3835616438356,0.1337909630037609,0.3170143212951432,167.0,6.979143648866407,nan,6.979143648866407,0.9883980102965924,0.037803874630855834,0.8729854301969233,0.5444642451872366,.//cost_matrices//cost_matrix_m176_n146.json,.//cost_matrices//quota_matrix_m176_n146.json,PrefLib_176X146_greedy.json
146,176,2,12,0,5,146,0,2,Egalitarian,4,420.0,nan,0.18207762557077625,0.3202054794520548,167.0,7.488380623108796,nan,7.488380623108796,0.9883980102965924,0.037803874630855834,0.8729854301969233,0.5444642451872366,.//cost_matrices//cost_matrix_m176_n146.json,.//cost_matrices//quota_matrix_m176_n146.json,PrefLib_176X146_greedy.json
146,176,2,12,0,5,146,0,2,RankMaximal,4,420.0,nan,0.17123287671232873,0.3344748858447489,167.0,7.452285163487587,nan,7.452285163487587,0.9883980102965924,0.037803874630855834,0.8729854301969233,0.5444642451872366,.//cost_matrices//cost_matrix_m176_n146.json,.//cost_matrices//quota_matrix_m176_n146.json,PrefLib_176X146_greedy.json
146,176,2,12,0,5,146,0,2,Utilitarian,4,420.0,nan,0.1689497716894977,0.3378995433789954,167.0,7.500589077511873,nan,7.500589077511873,0.9883980102965924,0.037803874630855834,0.8729854301969233,0.5444642451872366,.//cost_matrices//cost_matrix_m176_n146.json,.//cost_matrices//quota_matrix_m176_n146.json,PrefLib_176X146_greedy.json
146,176,2,12,0,5,146,0,2,MockAllocationAll,5,425.0,163.0,0.13628760889034863,0.30871212121212116,163.0,6.842736612224603,nan,6.842736612224603,0.9884268701492909,0.03697038663506164,0.8586018759494147,0.5488229915839355,.//cost_matrices//cost_matrix_m176_n146.json,.//cost_matrices//quota_matrix_m176_n146.json,PrefLib_176X146_greedy.json
146,176,2,12,0,5,146,0,2,Egalitarian,5,425.0,nan,0.16552511415525112,0.3030821917808219,163.0,7.303868970996785,nan,7.303868970996785,0.9884268701492909,0.03697038663506164,0.8586018759494147,0.5488229915839355,.//cost_matrices//cost_matrix_m176_n146.json,.//cost_matrices//quota_matrix_m176_n146.json,PrefLib_176X146_greedy.json
146,176,2,12,0,5,146,0,2,RankMaximal,5,425.0,nan,0.16095890410958905,0.31906392694063923,163.0,7.434790873682817,nan,7.434790873682817,0.9884268701492909,0.03697038663506164,0.8586018759494147,0.5488229915839355,.//cost_matrices//cost_matrix_m176_n146.json,.//cost_matrices//quota_matrix_m176_n146.json,PrefLib_176X146_greedy.json
146,176,2,12,0,5,146,0,2,Utilitarian,5,425.0,nan,0.16837899543378998,0.3224885844748858,163.0,6.9728683326609335,nan,6.9728683326609335,0.9884268701492909,0.03697038663506164,0.8586018759494147,0.5488229915839355,.//cost_matrices//cost_matrix_m176_n146.json,.//cost_matrices//quota_matrix_m176_n146.json,PrefLib_176X146_greedy.json
146,176,2,12,0,5,146,0,2,MockAllocationAll,6,424.0,154.0,0.11437812567949554,0.29166666666666663,154.0,6.569339567368105,nan,6.569339567368105,0.9884415018700612,0.037703266696452534,0.8581042211898586,0.5952106703745849,.//cost_matrices//cost_matrix_m176_n146.json,.//cost_matrices//quota_matrix_m176_n146.json,PrefLib_176X146_greedy.json
146,176,2,12,0,5,146,0,2,Egalitarian,6,424.0,nan,0.1535388127853881,0.2910958904109589,154.0,7.159334922338437,nan,7.159334922338437,0.9884415018700612,0.037703266696452534,0.8581042211898586,0.5952106703745849,.//cost_matrices//cost_matrix_m176_n146.json,.//cost_matrices//quota_matrix_m176_n146.json,PrefLib_176X146_greedy.json
146,176,2,12,0,5,146,0,2,RankMaximal,6,424.0,nan,0.1495433789954338,0.3110730593607306,154.0,6.758592764698085,nan,6.758592764698085,0.9884415018700612,0.037703266696452534,0.8581042211898586,0.5952106703745849,.//cost_matrices//cost_matrix_m176_n146.json,.//cost_matrices//quota_matrix_m176_n146.json,PrefLib_176X146_greedy.json
146,176,2,12,0,5,146,0,2,Utilitarian,6,424.0,nan,0.15182648401826482,0.3093607305936073,154.0,6.932408299871897,nan,6.932408299871897,0.9884415018700612,0.037703266696452534,0.8581042211898586,0.5952106703745849,.//cost_matrices//cost_matrix_m176_n146.json,.//cost_matrices//quota_matrix_m176_n146.json,PrefLib_176X146_greedy.json
146,176,2,12,0,5,146,0,2,MockAllocationAll,7,421.0,154.0,0.10442827245053271,0.29166666666666663,154.0,6.592624375648654,nan,6.592624375648654,0.9871773156146781,0.03970543437540184,0.830602163370834,0.5325678736097207,.//cost_matrices//cost_matrix_m176_n146.json,.//cost_matrices//quota_matrix_m176_n146.json,PrefLib_176X146_greedy.json
146,176,2,12,0,5,146,0,2,Egalitarian,7,421.0,nan,0.15753424657534246,0.2996575342465753,154.0,7.009540838018946,nan,7.009540838018946,0.9871773156146781,0.03970543437540184,0.830602163370834,0.5325678736097207,.//cost_matrices//cost_matrix_m176_n146.json,.//cost_matrices//quota_matrix_m176_n146.json,PrefLib_176X146_greedy.json
146,176,2,12,0,5,146,0,2,RankMaximal,7,421.0,nan,0.1541095890410959,0.3179223744292238,154.0,7.24631050143847,nan,7.24631050143847,0.9871773156146781,0.03970543437540184,0.830602163370834,0.5325678736097207,.//cost_matrices//cost_matrix_m176_n146.json,.//cost_matrices//quota_matrix_m176_n146.json,PrefLib_176X146_greedy.json
146,176,2,12,0,5,146,0,2,Utilitarian,7,421.0,nan,0.15125570776255706,0.31735159817351594,154.0,6.845585142103522,nan,6.845585142103522,0.9871773156146781,0.03970543437540184,0.830602163370834,0.5325678736097207,.//cost_matrices//cost_matrix_m176_n146.json,.//cost_matrices//quota_matrix_m176_n146.json,PrefLib_176X146_greedy.json
146,176,2,12,0,5,146,0,2,MockAllocationAll,8,423.0,159.2,0.12233427826358191,0.3015055187110774,159.0,6.752046075797044,nan,6.752046075797044,0.9865252971505454,0.0351005006113587,0.8417972586728643,0.5785196788876872,.//cost_matrices//cost_matrix_m176_n146.json,.//cost_matrices//quota_matrix_m176_n146.json,PrefLib_176X146_greedy.json
146,176,2,12,0,5,146,0,2,Egalitarian,8,423.0,nan,0.1718036529680365,0.3099315068493151,159.0,7.05254878537995,nan,7.05254878537995,0.9865252971505454,0.0351005006113587,0.8417972586728643,0.5785196788876872,.//cost_matrices//cost_matrix_m176_n146.json,.//cost_matrices//quota_matrix_m176_n146.json,PrefLib_176X146_greedy.json
146,176,2,12,0,5,146,0,2,RankMaximal,8,423.0,nan,0.1689497716894977,0.32933789954337894,159.0,7.140941363452624,nan,7.140941363452624,0.9865252971505454,0.0351005006113587,0.8417972586728643,0.5785196788876872,.//cost_matrices//cost_matrix_m176_n146.json,.//cost_matrices//quota_matrix_m176_n146.json,PrefLib_176X146_greedy.json
146,176,2,12,0,5,146,0,2,Utilitarian,8,423.0,nan,0.16837899543378998,0.3219178082191781,159.0,7.308747536250076,nan,7.308747536250076,0.9865252971505454,0.0351005006113587,0.8417972586728643,0.5785196788876872,.//cost_matrices//cost_matrix_m176_n146.json,.//cost_matrices//quota_matrix_m176_n146.json,PrefLib_176X146_greedy.json
146,176,2,12,0,5,146,0,2,MockAllocationAll,9,427.0,153.2,0.11864295953643918,0.290143274137297,153.0,6.5740782162510305,nan,6.5740782162510305,0.9869270452151565,0.03504489336490914,1.4268724260133347,7.405994562749736,.//cost_matrices//cost_matrix_m176_n146.json,.//cost_matrices//quota_matrix_m176_n146.json,PrefLib_176X146_greedy.json
146,176,2,12,0,5,146,0,2,Egalitarian,9,427.0,nan,0.16552511415525112,0.2996575342465753,153.0,7.117832929416932,nan,7.117832929416932,0.9869270452151565,0.03504489336490914,1.4268724260133347,7.405994562749736,.//cost_matrices//cost_matrix_m176_n146.json,.//cost_matrices//quota_matrix_m176_n146.json,PrefLib_176X146_greedy.json
146,176,2,12,0,5,146,0,2,RankMaximal,9,427.0,nan,0.1672374429223744,0.3144977168949772,153.0,6.976359451285624,nan,6.976359451285624,0.9869270452151565,0.03504489336490914,1.4268724260133347,7.405994562749736,.//cost_matrices//cost_matrix_m176_n146.json,.//cost_matrices//quota_matrix_m176_n146.json,PrefLib_176X146_greedy.json
146,176,2,12,0,5,146,0,2,Utilitarian,9,427.0,nan,0.1678082191780822,0.3116438356164384,153.0,7.26464811574827,nan,7.26464811574827,0.9869270452151565,0.03504489336490914,1.4268724260133347,7.405994562749736,.//cost_matrices//cost_matrix_m176_n146.json,.//cost_matrices//quota_matrix_m176_n146.json,PrefLib_176X146_greedy.json
146,176,3,12,0,5,146,0,2,MockAllocationAll,0,664.0,70.43794566969427,0.29768132268607767,0.13318730497723796,61.0,4.734914483161372,nan,4.734914483161372,0.9629162719204234,0.037113936831248084,0.5687055891656122,0.31735636164225073,.//cost_matrices//cost_matrix_m176_n146.json,.//cost_matrices//quota_matrix_m176_n146.json,PrefLib_176X146_greedy.json
146,176,3,12,0,5,146,0,2,Egalitarian,0,664.0,nan,0.3238095238095238,0.1506849315068493,61.0,5.178575351743762,nan,5.178575351743762,0.9629162719204234,0.037113936831248084,0.5687055891656122,0.31735636164225073,.//cost_matrices//cost_matrix_m176_n146.json,.//cost_matrices//quota_matrix_m176_n146.json,PrefLib_176X146_greedy.json
146,176,3,12,0,5,146,0,2,RankMaximal,0,664.0,nan,0.3282615786040443,0.16552511415525112,61.0,5.215722373264551,nan,5.215722373264551,0.9629162719204234,0.037113936831248084,0.5687055891656122,0.31735636164225073,.//cost_matrices//cost_matrix_m176_n146.json,.//cost_matrices//quota_matrix_m176_n146.json,PrefLib_176X146_greedy.json
146,176,3,12,0,5,146,0,2,Utilitarian,0,664.0,nan,0.3358610567514677,0.17237442922374427,61.0,5.077873391262515,nan,5.077873391262515,0.9629162719204234,0.037113936831248084,0.5687055891656122,0.31735636164225073,.//cost_matrices//cost_matrix_m176_n146.json,.//cost_matrices//quota_matrix_m176_n146.json,PrefLib_176X146_greedy.json
146,176,3,12,0,5,146,0,2,MockAllocationAll,1,652.0,74.23620562220484,0.2948955502507296,0.14029998438202765,63.0,4.833179702392448,nan,4.833179702392448,0.9624575935018165,0.03827864858645243,0.575424815415319,0.32014217780491444,.//cost_matrices//cost_matrix_m176_n146.json,.//cost_matrices//quota_matrix_m176_n146.json,PrefLib_176X146_greedy.json
146,176,3,12,0,5,146,0,2,Egalitarian,1,652.0,nan,0.32268427919112846,0.16095890410958905,63.0,5.462513645489262,nan,5.462513645489262,0.9624575935018165,0.03827864858645243,0.575424815415319,0.32014217780491444,.//cost_matrices//cost_matrix_m176_n146.json,.//cost_matrices//quota_matrix_m176_n146.json,PrefLib_176X146_greedy.json
146,176,3,12,0,5,146,0,2,RankMaximal,1,652.0,nan,0.3241846053489889,0.1735159817351598,63.0,5.128557883791717,nan,5.128557883791717,0.9624575935018165,0.03827864858645243,0.575424815415319,0.32014217780491444,.//cost_matrices//cost_matrix_m176_n146.json,.//cost_matrices//quota_matrix_m176_n146.json,PrefLib_176X146_greedy.json
146,176,3,12,0,5,146,0,2,Utilitarian,1,652.0,nan,0.33290932811480756,0.1832191780821918,63.0,5.4979847057347255,nan,5.4979847057347255,0.9624575935018165,0.03827864858645243,0.575424815415319,0.32014217780491444,.//cost_matrices//cost_matrix_m176_n146.json,.//cost_matrices//quota_matrix_m176_n146.json,PrefLib_176X146_greedy.json
146,176,3,12,0,5,146,0,2,MockAllocationAll,2,646.0,73.72248265433198,0.2863200852385708,0.13946379173394977,66.0,4.788046962569745,nan,4.788046962569745,0.9621886399622073,0.039234937963100035,0.5765497422684854,0.32178171121160004,.//cost_matrices//cost_matrix_m176_n146.json,.//cost_matrices//quota_matrix_m176_n146.json,PrefLib_176X146_greedy.json
146,176,3,12,0,5,146,0,2,Egalitarian,2,646.0,nan,0.3204337899543379,0.1643835616438356,66.0,5.381366719301453,nan,5.381366719301453,0.9621886399622073,0.039234937963100035,0.5765497422684854,0.32178171121160004,.//cost_matrices//cost_matrix_m176_n146.json,.//cost_matrices//quota_matrix_m176_n146.json,PrefLib_176X146_greedy.json
146,176,3,12,0,5,146,0,2,RankMaximal,2,646.0,nan,0.3105022831050228,0.1689497716894977,66.0,5.125233779884486,nan,5.125233779884486,0.9621886399622073,0.039234937963100035,0.5765497422684854,0.32178171121160004,.//cost_matrices//cost_matrix_m176_n146.json,.//cost_matrices//quota_matrix_m176_n146.json,PrefLib_176X146_greedy.json
146,176,3,12,0,5,146,0,2,Utilitarian,2,646.0,nan,0.31735159817351594,0.16837899543378995,66.0,5.004849165531209,nan,5.004849165531209,0.9621886399622073,0.039234937963100035,0.5765497422684854,0.32178171121160004,.//cost_matrices//cost_matrix_m176_n146.json,.//cost_matrices//quota_matrix_m176_n146.json,PrefLib_176X146_greedy.json
146,176,3,12,0,5,146,0,2,MockAllocationAll,3,652.0,76.60070083690148,0.2974196390803534,0.14485727082734165,66.0,4.874562748271112,nan,4.874562748271112,0.963341642347405,0.03637877231115396,0.5670330904336148,0.3002775014962496,.//cost_matrices//cost_matrix_m176_n146.json,.//cost_matrices//quota_matrix_m176_n146.json,PrefLib_176X146_greedy.json
146,176,3,12,0,5,146,0,2,Egalitarian,3,652.0,nan,0.3139432485322896,0.1558219178082192,66.0,5.23937059134066,nan,5.23937059134066,0.963341642347405,0.03637877231115396,0.5670330904336148,0.3002775014962496,.//cost_matrices//cost_matrix_m176_n146.json,.//cost_matrices//quota_matrix_m176_n146.json,PrefLib_176X146_greedy.json
146,176,3,12,0,5,146,0,2,RankMaximal,3,652.0,nan,0.31844422700587083,0.16837899543378995,66.0,5.041172351306547,nan,5.041172351306547,0.963341642347405,0.03637877231115396,0.5670330904336148,0.3002775014962496,.//cost_matrices//cost_matrix_m176_n146.json,.//cost_matrices//quota_matrix_m176_n146.json,PrefLib_176X146_greedy.json
146,176,3,12,0,5,146,0,2,Utilitarian,3,652.0,nan,0.3187866927592955,0.1672374429223744,66.0,5.078644152914248,nan,5.078644152914248,0.963341642347405,0.03637877231115396,0.5670330904336148,0.3002775014962496,.//cost_matrices//cost_matrix_m176_n146.json,.//cost_matrices//quota_matrix_m176_n146.json,PrefLib_176X146_greedy.json
146,176,3,12,0,5,146,0,2,MockAllocationAll,4,658.0,78.04176101476031,0.3044321016184251,0.14753900388937682,68.0,4.9563217312867645,nan,4.9563217312867645,0.9633292791705362,0.03627382721956071,0.579701665904561,0.3140201575217558,.//cost_matrices//cost_matrix_m176_n146.json,.//cost_matrices//quota_matrix_m176_n146.json,PrefLib_176X146_greedy.json
146,176,3,12,0,5,146,0,2,Egalitarian,4,658.0,nan,0.32548923679060665,0.15753424657534246,68.0,5.140250283958074,nan,5.140250283958074,0.9633292791705362,0.03627382721956071,0.579701665904561,0.3140201575217558,.//cost_matrices//cost_matrix_m176_n146.json,.//cost_matrices//quota_matrix_m176_n146.json,PrefLib_176X146_greedy.json
146,176,3,12,0,5,146,0,2,RankMaximal,4,658.0,nan,0.32663078930202216,0.17408675799086756,68.0,5.279466043448883,nan,5.279466043448883,0.9633292791705362,0.03627382721956071,0.579701665904561,0.3140201575217558,.//cost_matrices//cost_matrix_m176_n146.json,.//cost_matrices//quota_matrix_m176_n146.json,PrefLib_176X146_greedy.json
146,176,3,12,0,5,146,0,2,Utilitarian,4,658.0,nan,0.32840834964122634,0.17579908675799086,68.0,5.152914269214237,nan,5.152914269214237,0.9633292791705362,0.03627382721956071,0.579701665904561,0.3140201575217558,.//cost_matrices//cost_matrix_m176_n146.json,.//cost_matrices//quota_matrix_m176_n146.json,PrefLib_176X146_greedy.json
146,176,3,12,0,5,146,0,2,MockAllocationAll,5,652.0,71.0422793133468,0.2883051075764544,0.1343222135835989,63.0,4.71899521699804,nan,4.71899521699804,0.9638381664651372,0.037980931816029385,0.5751666155403048,0.3350266867644906,.//cost_matrices//cost_matrix_m176_n146.json,.//cost_matrices//quota_matrix_m176_n146.json,PrefLib_176X146_greedy.json
146,176,3,12,0,5,146,0,2,Egalitarian,5,652.0,nan,0.3128995433789954,0.1523972602739726,63.0,5.153052277433107,nan,5.153052277433107,0.9638381664651372,0.037980931816029385,0.5751666155403048,0.3350266867644906,.//cost_matrices//cost_matrix_m176_n146.json,.//cost_matrices//quota_matrix_m176_n146.json,PrefLib_176X146_greedy.json
146,176,3,12,0,5,146,0,2,RankMaximal,5,652.0,nan,0.3194063926940639,0.17009132420091325,63.0,4.809641077173352,nan,4.809641077173352,0.9638381664651372,0.037980931816029385,0.5751666155403048,0.3350266867644906,.//cost_matrices//cost_matrix_m176_n146.json,.//cost_matrices//quota_matrix_m176_n146.json,PrefLib_176X146_greedy.json
146,176,3,12,0,5,146,0,2,Utilitarian,5,652.0,nan,0.31757990867579916,0.16837899543378995,63.0,4.943914716357012,nan,4.943914716357012,0.9638381664651372,0.037980931816029385,0.5751666155403048,0.3350266867644906,.//cost_matrices//cost_matrix_m176_n146.json,.//cost_matrices//quota_matrix_m176_n146.json,PrefLib_176X146_greedy.json
146,176,3,12,0,5,146,0,2,MockAllocationAll,6,654.0,72.49806289565504,0.29356458908311345,0.13706348775759528,63.0,4.761412408108032,nan,4.761412408108032,0.9627849157066498,0.03713215440510911,0.5664161947726787,0.30609260469972155,.//cost_matrices//cost_matrix_m176_n146.json,.//cost_matrices//quota_matrix_m176_n146.json,PrefLib_176X146_greedy.json
146,176,3,12,0,5,146,0,2,Egalitarian,6,654.0,nan,0.32865296803652966,0.1660958904109589,63.0,5.458569737742587,nan,5.458569737742587,0.9627849157066498,0.03713215440510911,0.5664161947726787,0.30609260469972155,.//cost_matrices//cost_matrix_m176_n146.json,.//cost_matrices//quota_matrix_m176_n146.json,PrefLib_176X146_greedy.json
146,176,3,12,0,5,146,0,2,RankMaximal,6,654.0,nan,0.33002283105022834,0.17751141552511415,63.0,5.477794796117372,nan,5.477794796117372,0.9627849157066498,0.03713215440510911,0.5664161947726787,0.30609260469972155,.//cost_matrices//cost_matrix_m176_n146.json,.//cost_matrices//quota_matrix_m176_n146.json,PrefLib_176X146_greedy.json
146,176,3,12,0,5,146,0,2,Utilitarian,6,654.0,nan,0.3364155251141552,0.18036529680365296,63.0,5.344783689713354,nan,5.344783689713354,0.9627849157066498,0.03713215440510911,0.5664161947726787,0.30609260469972155,.//cost_matrices//cost_matrix_m176_n146.json,.//cost_matrices//quota_matrix_m176_n146.json,PrefLib_176X146_greedy.json
146,176,3,12,0,5,146,0,2,MockAllocationAll,7,645.0,73.27074728924046,0.2852083992420021,0.13855177688823858,65.0,4.7704462605617035,nan,4.7704462605617035,0.9633563310527308,0.04084862179202184,0.5758572655115225,0.313470661217799,.//cost_matrices//cost_matrix_m176_n146.json,.//cost_matrices//quota_matrix_m176_n146.json,PrefLib_176X146_greedy.json
146,176,3,12,0,5,146,0,2,Egalitarian,7,645.0,nan,0.3064090019569472,0.1558219178082192,65.0,5.202400370803473,nan,5.202400370803473,0.9633563310527308,0.04084862179202184,0.5758572655115225,0.313470661217799,.//cost_matrices//cost_matrix_m176_n146.json,.//cost_matrices//quota_matrix_m176_n146.json,PrefLib_176X146_greedy.json
146,176,3,12,0,5,146,0,2,RankMaximal,7,645.0,nan,0.30212002609262884,0.16210045662100456,65.0,5.19834124469084,nan,5.19834124469084,0.9633563310527308,0.04084862179202184,0.5758572655115225,0.313470661217799,.//cost_matrices//cost_matrix_m176_n146.json,.//cost_matrices//quota_matrix_m176_n146.json,PrefLib_176X146_greedy.json
146,176,3,12,0,5,146,0,2,Utilitarian,7,645.0,nan,0.30712654924983696,0.1598173515981735,65.0,5.0743749015811375,nan,5.0743749015811375,0.9633563310527308,0.04084862179202184,0.5758572655115225,0.313470661217799,.//cost_matrices//cost_matrix_m176_n146.json,.//cost_matrices//quota_matrix_m176_n146.json,PrefLib_176X146_greedy.json
146,176,3,12,0,5,146,0,2,MockAllocationAll,8,643.0,80.79355074149596,0.2942553430361006,0.1528115717051649,73.0,4.942499922703545,nan,4.942499922703545,0.9642277913271226,0.040064767818381926,0.5798145311556973,0.30916792393620995,.//cost_matrices//cost_matrix_m176_n146.json,.//cost_matrices//quota_matrix_m176_n146.json,PrefLib_176X146_greedy.json
146,176,3,12,0,5,146,0,2,Egalitarian,8,643.0,nan,0.3174657534246575,0.1660958904109589,73.0,5.332826607580443,nan,5.332826607580443,0.9642277913271226,0.040064767818381926,0.5798145311556973,0.30916792393620995,.//cost_matrices//cost_matrix_m176_n146.json,.//cost_matrices//quota_matrix_m176_n146.json,PrefLib_176X146_greedy.json
146,176,3,12,0,5,146,0,2,RankMaximal,8,643.0,nan,0.31552511415525114,0.17351598173515978,73.0,5.061706509718539,nan,5.061706509718539,0.9642277913271226,0.040064767818381926,0.5798145311556973,0.30916792393620995,.//cost_matrices//cost_matrix_m176_n146.json,.//cost_matrices//quota_matrix_m176_n146.json,PrefLib_176X146_greedy.json
146,176,3,12,0,5,146,0,2,Utilitarian,8,643.0,nan,0.3117579908675799,0.1678082191780822,73.0,5.054976675270167,nan,5.054976675270167,0.9642277913271226,0.040064767818381926,0.5798145311556973,0.30916792393620995,.//cost_matrices//cost_matrix_m176_n146.json,.//cost_matrices//quota_matrix_m176_n146.json,PrefLib_176X146_greedy.json
146,176,3,12,0,5,146,0,2,MockAllocationAll,9,661.0,75.42583782518619,0.30289512206647484,0.1426388317808102,68.0,4.860105742386234,nan,4.860105742386234,0.9636836566045047,0.03599749504986923,0.5778443891564843,0.3123545610536884,.//cost_matrices//cost_matrix_m176_n146.json,.//cost_matrices//quota_matrix_m176_n146.json,PrefLib_176X146_greedy.json
146,176,3,12,0,5,146,0,2,Egalitarian,9,661.0,nan,0.33043052837573383,0.16267123287671234,68.0,5.323658402289246,nan,5.323658402289246,0.9636836566045047,0.03599749504986923,0.5778443891564843,0.3123545610536884,.//cost_matrices//cost_matrix_m176_n146.json,.//cost_matrices//quota_matrix_m176_n146.json,PrefLib_176X146_greedy.json
146,176,3,12,0,5,146,0,2,RankMaximal,9,661.0,nan,0.34196020874103067,0.1832191780821918,68.0,5.183456121970055,nan,5.183456121970055,0.9636836566045047,0.03599749504986923,0.5778443891564843,0.3123545610536884,.//cost_matrices//cost_matrix_m176_n146.json,.//cost_matrices//quota_matrix_m176_n146.json,PrefLib_176X146_greedy.json
146,176,3,12,0,5,146,0,2,Utilitarian,9,661.0,nan,0.3333985649054142,0.17465753424657535,68.0,5.12200526445616,nan,5.12200526445616,0.9636836566045047,0.03599749504986923,0.5778443891564843,0.3123545610536884,.//cost_matrices//cost_matrix_m176_n146.json,.//cost_matrices//quota_matrix_m176_n146.json,PrefLib_176X146_greedy.json
146,176,3.6,12,0,5,146,0,2,MockAllocationAll,0,841.0,52.97848263532399,0.42383100879105573,0.09887544905183464,20.0,4.615899001442197,nan,4.615899001442197,0.947418718694112,0.04064693561123697,0.4860169492464683,0.28082017671351756,.//cost_matrices//cost_matrix_m176_n146.json,.//cost_matrices//quota_matrix_m176_n146.json,PrefLib_176X146_greedy.json
146,176,3.6,12,0,5,146,0,2,Egalitarian,0,841.0,nan,0.4365786040443575,0.11643835616438356,20.0,4.787251964067995,nan,4.787251964067995,0.947418718694112,0.04064693561123697,0.4860169492464683,0.28082017671351756,.//cost_matrices//cost_matrix_m176_n146.json,.//cost_matrices//quota_matrix_m176_n146.json,PrefLib_176X146_greedy.json
146,176,3.6,12,0,5,146,0,2,RankMaximal,0,841.0,nan,0.4353555120678408,0.12157534246575342,20.0,4.470264416929982,nan,4.470264416929982,0.947418718694112,0.04064693561123697,0.4860169492464683,0.28082017671351756,.//cost_matrices//cost_matrix_m176_n146.json,.//cost_matrices//quota_matrix_m176_n146.json,PrefLib_176X146_greedy.json
146,176,3.6,12,0,5,146,0,2,Utilitarian,0,841.0,nan,0.44004403131115455,0.1267123287671233,20.0,4.621078866684532,nan,4.621078866684532,0.947418718694112,0.04064693561123697,0.4860169492464683,0.28082017671351756,.//cost_matrices//cost_matrix_m176_n146.json,.//cost_matrices//quota_matrix_m176_n146.json,PrefLib_176X146_greedy.json
146,176,3.6,12,0,5,146,0,2,MockAllocationAll,1,825.0,50.2857604059046,0.4093725188896094,0.09366755941201814,11.0,4.558467904938252,nan,4.558467904938252,0.9457383724568305,0.03820467113734034,0.46968456715518647,0.27508683775328,.//cost_matrices//cost_matrix_m176_n146.json,.//cost_matrices//quota_matrix_m176_n146.json,PrefLib_176X146_greedy.json
146,176,3.6,12,0,5,146,0,2,Egalitarian,1,825.0,nan,0.4200342465753425,0.10616438356164383,11.0,4.7244616697737145,nan,4.7244616697737145,0.9457383724568305,0.03820467113734034,0.46968456715518647,0.27508683775328,.//cost_matrices//cost_matrix_m176_n146.json,.//cost_matrices//quota_matrix_m176_n146.json,PrefLib_176X146_greedy.json
146,176,3.6,12,0,5,146,0,2,RankMaximal,1,825.0,nan,0.4106517721243749,0.10159817351598173,11.0,4.328075636225779,nan,4.328075636225779,0.9457383724568305,0.03820467113734034,0.46968456715518647,0.27508683775328,.//cost_matrices//cost_matrix_m176_n146.json,.//cost_matrices//quota_matrix_m176_n146.json,PrefLib_176X146_greedy.json
146,176,3.6,12,0,5,146,0,2,Utilitarian,1,825.0,nan,0.41908838878016963,0.1113013698630137,11.0,4.507335331714914,nan,4.507335331714914,0.9457383724568305,0.03820467113734034,0.46968456715518647,0.27508683775328,.//cost_matrices//cost_matrix_m176_n146.json,.//cost_matrices//quota_matrix_m176_n146.json,PrefLib_176X146_greedy.json
146,176,3.6,12,0,5,146,0,2,MockAllocationAll,2,820.0,49.3986280947445,0.4047993118418324,0.09214805062103515,15.0,4.529893343921578,nan,4.529893343921578,0.9474764241201453,0.040610028084580224,0.4802452535196884,0.2753390589593739,.//cost_matrices//cost_matrix_m176_n146.json,.//cost_matrices//quota_matrix_m176_n146.json,PrefLib_176X146_greedy.json
146,176,3.6,12,0,5,146,0,2,Egalitarian,2,820.0,nan,0.41199445531637313,0.0958904109589041,15.0,4.465357705091097,nan,4.465357705091097,0.9474764241201453,0.040610028084580224,0.4802452535196884,0.2753390589593739,.//cost_matrices//cost_matrix_m176_n146.json,.//cost_matrices//quota_matrix_m176_n146.json,PrefLib_176X146_greedy.json
146,176,3.6,12,0,5,146,0,2,RankMaximal,2,820.0,nan,0.41426125244618395,0.1050228310502283,15.0,4.285120609384342,nan,4.285120609384342,0.9474764241201453,0.040610028084580224,0.4802452535196884,0.2753390589593739,.//cost_matrices//cost_matrix_m176_n146.json,.//cost_matrices//quota_matrix_m176_n146.json,PrefLib_176X146_greedy.json
146,176,3.6,12,0,5,146,0,2,Utilitarian,2,820.0,nan,0.41973255055446834,0.11415525114155249,15.0,4.658531311181241,nan,4.658531311181241,0.9474764241201453,0.040610028084580224,0.4802452535196884,0.2753390589593739,.//cost_matrices//cost_matrix_m176_n146.json,.//cost_matrices//quota_matrix_m176_n146.json,PrefLib_176X146_greedy.json
146,176,3.6,12,0,5,146,0,2,MockAllocationAll,3,823.0,53.39441516150984,0.4138729511656824,0.09975240246240717,18.0,4.618961014219631,nan,4.618961014219631,0.9471432296599398,0.03963372725013371,0.4864419886436875,0.27480509750034676,.//cost_matrices//cost_matrix_m176_n146.json,.//cost_matrices//quota_matrix_m176_n146.json,PrefLib_176X146_greedy.json
146,176,3.6,12,0,5,146,0,2,Egalitarian,3,823.0,nan,0.4183300717547293,0.10102739726027397,18.0,4.409579405144386,nan,4.409579405144386,0.9471432296599398,0.03963372725013371,0.4864419886436875,0.27480509750034676,.//cost_matrices//cost_matrix_m176_n146.json,.//cost_matrices//quota_matrix_m176_n146.json,PrefLib_176X146_greedy.json
146,176,3.6,12,0,5,146,0,2,RankMaximal,3,823.0,nan,0.4261089367253751,0.11643835616438356,18.0,4.436300086913029,nan,4.436300086913029,0.9471432296599398,0.03963372725013371,0.4864419886436875,0.27480509750034676,.//cost_matrices//cost_matrix_m176_n146.json,.//cost_matrices//quota_matrix_m176_n146.json,PrefLib_176X146_greedy.json
146,176,3.6,12,0,5,146,0,2,Utilitarian,3,823.0,nan,0.42215427266797134,0.11472602739726027,18.0,4.663720979821222,nan,4.663720979821222,0.9471432296599398,0.03963372725013371,0.4864419886436875,0.27480509750034676,.//cost_matrices//cost_matrix_m176_n146.json,.//cost_matrices//quota_matrix_m176_n146.json,PrefLib_176X146_greedy.json
146,176,3.6,12,0,5,146,0,2,MockAllocationAll,4,826.0,54.372342583127626,0.41721550774240385,0.1015338422056996,19.0,4.608898774042881,nan,4.608898774042881,0.9477731181680553,0.03942453488261516,0.4788248874280021,0.2701023796207231,.//cost_matrices//cost_matrix_m176_n146.json,.//cost_matrices//quota_matrix_m176_n146.json,PrefLib_176X146_greedy.json
146,176,3.6,12,0,5,146,0,2,Egalitarian,4,826.0,nan,0.4266443792128724,0.11301369863013698,19.0,4.761657432053365,nan,4.761657432053365,0.9477731181680553,0.03942453488261516,0.4788248874280021,0.2701023796207231,.//cost_matrices//cost_matrix_m176_n146.json,.//cost_matrices//quota_matrix_m176_n146.json,PrefLib_176X146_greedy.json
146,176,3.6,12,0,5,146,0,2,RankMaximal,4,826.0,nan,0.4311589475973038,0.12557077625570776,19.0,4.6788051303355305,nan,4.6788051303355305,0.9477731181680553,0.03942453488261516,0.4788248874280021,0.2701023796207231,.//cost_matrices//cost_matrix_m176_n146.json,.//cost_matrices//quota_matrix_m176_n146.json,PrefLib_176X146_greedy.json
146,176,3.6,12,0,5,146,0,2,Utilitarian,4,826.0,nan,0.42944933681235054,0.12214611872146118,19.0,4.519954013920018,nan,4.519954013920018,0.9477731181680553,0.03942453488261516,0.4788248874280021,0.2701023796207231,.//cost_matrices//cost_matrix_m176_n146.json,.//cost_matrices//quota_matrix_m176_n146.json,PrefLib_176X146_greedy.json
146,176,3.6,12,0,5,146,0,2,MockAllocationAll,5,820.0,49.185285015534404,0.4047359812437036,0.0918956566759057,18.0,4.495961654990017,nan,4.495961654990017,0.9474883390781297,0.03900573253063044,0.47542640090976507,0.2710057270505678,.//cost_matrices//cost_matrix_m176_n146.json,.//cost_matrices//quota_matrix_m176_n146.json,PrefLib_176X146_greedy.json
146,176,3.6,12,0,5,146,0,2,Egalitarian,5,820.0,nan,0.3995678408349641,0.0839041095890411,18.0,4.243625532512173,nan,4.243625532512173,0.9474883390781297,0.03900573253063044,0.47542640090976507,0.2710057270505678,.//cost_matrices//cost_matrix_m176_n146.json,.//cost_matrices//quota_matrix_m176_n146.json,PrefLib_176X146_greedy.json
146,176,3.6,12,0,5,146,0,2,RankMaximal,5,820.0,nan,0.42177647314633615,0.11643835616438356,18.0,4.635992523447608,nan,4.635992523447608,0.9474883390781297,0.03900573253063044,0.47542640090976507,0.2710057270505678,.//cost_matrices//cost_matrix_m176_n146.json,.//cost_matrices//quota_matrix_m176_n146.json,PrefLib_176X146_greedy.json
146,176,3.6,12,0,5,146,0,2,Utilitarian,5,820.0,nan,0.4158404000869754,0.10673515981735159,18.0,4.449321159125014,nan,4.449321159125014,0.9474883390781297,0.03900573253063044,0.47542640090976507,0.2710057270505678,.//cost_matrices//cost_matrix_m176_n146.json,.//cost_matrices//quota_matrix_m176_n146.json,PrefLib_176X146_greedy.json
146,176,3.6,12,0,5,146,0,2,MockAllocationAll,6,825.0,44.836200236635186,0.4030433737386437,0.08343080540964998,8.0,4.436158144533664,nan,4.436158144533664,0.9471025409800901,0.040254289418975124,0.48082938413614446,0.2720827565085703,.//cost_matrices//cost_matrix_m176_n146.json,.//cost_matrices//quota_matrix_m176_n146.json,PrefLib_176X146_greedy.json
146,176,3.6,12,0,5,146,0,2,Egalitarian,6,825.0,nan,0.4140900195694716,0.0976027397260274,8.0,4.624214176638377,nan,4.624214176638377,0.9471025409800901,0.040254289418975124,0.48082938413614446,0.2720827565085703,.//cost_matrices//cost_matrix_m176_n146.json,.//cost_matrices//quota_matrix_m176_n146.json,PrefLib_176X146_greedy.json
146,176,3.6,12,0,5,146,0,2,RankMaximal,6,825.0,nan,0.42665525114155256,0.11187214611872145,8.0,4.551014692397137,nan,4.551014692397137,0.9471025409800901,0.040254289418975124,0.48082938413614446,0.2720827565085703,.//cost_matrices//cost_matrix_m176_n146.json,.//cost_matrices//quota_matrix_m176_n146.json,PrefLib_176X146_greedy.json
146,176,3.6,12,0,5,146,0,2,Utilitarian,6,825.0,nan,0.41640574037834316,0.1050228310502283,8.0,4.285996045076828,nan,4.285996045076828,0.9471025409800901,0.040254289418975124,0.48082938413614446,0.2720827565085703,.//cost_matrices//cost_matrix_m176_n146.json,.//cost_matrices//quota_matrix_m176_n146.json,PrefLib_176X146_greedy.json
146,176,3.6,12,0,5,146,0,2,MockAllocationAll,7,827.0,50.38307632639073,0.4094667725252336,0.09417393842740535,18.0,4.5759064469416115,nan,4.5759064469416115,0.9464291451286804,0.03860698008080681,0.4785201312468607,0.2795496424754353,.//cost_matrices//cost_matrix_m176_n146.json,.//cost_matrices//quota_matrix_m176_n146.json,PrefLib_176X146_greedy.json
146,176,3.6,12,0,5,146,0,2,Egalitarian,7,827.0,nan,0.4042699499891281,0.08561643835616438,18.0,4.2403036034908945,nan,4.2403036034908945,0.9464291451286804,0.03860698008080681,0.4785201312468607,0.2795496424754353,.//cost_matrices//cost_matrix_m176_n146.json,.//cost_matrices//quota_matrix_m176_n146.json,PrefLib_176X146_greedy.json
146,176,3.6,12,0,5,146,0,2,RankMaximal,7,827.0,nan,0.4248450750163079,0.11929223744292236,18.0,4.620450794957723,nan,4.620450794957723,0.9464291451286804,0.03860698008080681,0.4785201312468607,0.2795496424754353,.//cost_matrices//cost_matrix_m176_n146.json,.//cost_matrices//quota_matrix_m176_n146.json,PrefLib_176X146_greedy.json
146,176,3.6,12,0,5,146,0,2,Utilitarian,7,827.0,nan,0.41903131115459885,0.11415525114155249,18.0,4.6513583891752335,nan,4.6513583891752335,0.9464291451286804,0.03860698008080681,0.4785201312468607,0.2795496424754353,.//cost_matrices//cost_matrix_m176_n146.json,.//cost_matrices//quota_matrix_m176_n146.json,PrefLib_176X146_greedy.json
146,176,3.6,12,0,5,146,0,2,MockAllocationAll,8,819.0,53.177043880105934,0.4110485947964109,0.09920753981766392,15.0,4.606328243308647,nan,4.606328243308647,0.9465917736948928,0.03788583197723977,0.47718848207420267,0.271276425538029,.//cost_matrices//cost_matrix_m176_n146.json,.//cost_matrices//quota_matrix_m176_n146.json,PrefLib_176X146_greedy.json
146,176,3.6,12,0,5,146,0,2,Egalitarian,8,819.0,nan,0.39884213959556425,0.08047945205479452,15.0,4.369802561623643,nan,4.369802561623643,0.9465917736948928,0.03788583197723977,0.47718848207420267,0.271276425538029,.//cost_matrices//cost_matrix_m176_n146.json,.//cost_matrices//quota_matrix_m176_n146.json,PrefLib_176X146_greedy.json
146,176,3.6,12,0,5,146,0,2,RankMaximal,8,819.0,nan,0.41675907806044793,0.11015981735159816,15.0,4.623314498069133,nan,4.623314498069133,0.9465917736948928,0.03788583197723977,0.47718848207420267,0.271276425538029,.//cost_matrices//cost_matrix_m176_n146.json,.//cost_matrices//quota_matrix_m176_n146.json,PrefLib_176X146_greedy.json
146,176,3.6,12,0,5,146,0,2,Utilitarian,8,819.0,nan,0.41737606001304633,0.11529680365296803,15.0,4.371055085629431,nan,4.371055085629431,0.9465917736948928,0.03788583197723977,0.47718848207420267,0.271276425538029,.//cost_matrices//cost_matrix_m176_n146.json,.//cost_matrices//quota_matrix_m176_n146.json,PrefLib_176X146_greedy.json
146,176,3.6,12,0,5,146,0,2,MockAllocationAll,9,826.0,52.59862415317695,0.41320262369583416,0.09818436813444704,17.0,4.607844394335304,nan,4.607844394335304,0.9479244541864497,0.04256708220847504,0.4943794891833567,0.28169446851508584,.//cost_matrices//cost_matrix_m176_n146.json,.//cost_matrices//quota_matrix_m176_n146.json,PrefLib_176X146_greedy.json
146,176,3.6,12,0,5,146,0,2,Egalitarian,9,826.0,nan,0.42877527723418135,0.11643835616438356,17.0,4.78599898730608,nan,4.78599898730608,0.9479244541864497,0.04256708220847504,0.4943794891833567,0.28169446851508584,.//cost_matrices//cost_matrix_m176_n146.json,.//cost_matrices//quota_matrix_m176_n146.json,PrefLib_176X146_greedy.json
146,176,3.6,12,0,5,146,0,2,RankMaximal,9,826.0,nan,0.41686236138290933,0.1050228310502283,17.0,4.253503015760336,nan,4.253503015760336,0.9479244541864497,0.04256708220847504,0.4943794891833567,0.28169446851508584,.//cost_matrices//cost_matrix_m176_n146.json,.//cost_matrices//quota_matrix_m176_n146.json,PrefLib_176X146_greedy.json
146,176,3.6,12,0,5,146,0,2,Utilitarian,9,826.0,nan,0.42448086540552293,0.11529680365296803,17.0,4.540454914341984,nan,4.540454914341984,0.9479244541864497,0.04256708220847504,0.4943794891833567,0.28169446851508584,.//cost_matrices//cost_matrix_m176_n146.json,.//cost_matrices//quota_matrix_m176_n146.json,PrefLib_176X146_greedy.json
146,176,4,12,0,5,146,0,2,MockAllocationAll,0,959.0,49.07327026023026,0.4877317706487095,0.09071039896068643,4.0,4.72338391421682,nan,4.72338391421682,0.9369270512195046,0.04174289887507134,0.4385074178783118,0.25902597025926555,.//cost_matrices//cost_matrix_m176_n146.json,.//cost_matrices//quota_matrix_m176_n146.json,PrefLib_176X146_greedy.json
146,176,4,12,0,5,146,0,2,Egalitarian,0,959.0,nan,0.4793799047223704,0.07363013698630137,4.0,4.131613861913747,nan,4.131613861913747,0.9369270512195046,0.04174289887507134,0.4385074178783118,0.25902597025926555,.//cost_matrices//cost_matrix_m176_n146.json,.//cost_matrices//quota_matrix_m176_n146.json,PrefLib_176X146_greedy.json
146,176,4,12,0,5,146,0,2,RankMaximal,0,959.0,nan,0.4882380557038091,0.09417808219178082,4.0,4.2750279544451955,nan,4.2750279544451955,0.9369270512195046,0.04174289887507134,0.4385074178783118,0.25902597025926555,.//cost_matrices//cost_matrix_m176_n146.json,.//cost_matrices//quota_matrix_m176_n146.json,PrefLib_176X146_greedy.json
146,176,4,12,0,5,146,0,2,Utilitarian,0,959.0,nan,0.48769174128763165,0.091324200913242,4.0,4.188268993552737,nan,4.188268993552737,0.9369270512195046,0.04174289887507134,0.4385074178783118,0.25902597025926555,.//cost_matrices//cost_matrix_m176_n146.json,.//cost_matrices//quota_matrix_m176_n146.json,PrefLib_176X146_greedy.json
146,176,4,12,0,5,146,0,2,MockAllocationAll,1,957.0,50.17775805647484,0.49108840506926515,0.0927113212449625,2.0,4.777468028516848,nan,4.777468028516848,0.9362142754561611,0.041200669277793464,0.4353985857999083,0.2706758883158596,.//cost_matrices//cost_matrix_m176_n146.json,.//cost_matrices//quota_matrix_m176_n146.json,PrefLib_176X146_greedy.json
146,176,4,12,0,5,146,0,2,Egalitarian,1,957.0,nan,0.4886959121548163,0.08732876712328767,2.0,4.340169023060671,nan,4.340169023060671,0.9362142754561611,0.041200669277793464,0.4353985857999083,0.2706758883158596,.//cost_matrices//cost_matrix_m176_n146.json,.//cost_matrices//quota_matrix_m176_n146.json,PrefLib_176X146_greedy.json
146,176,4,12,0,5,146,0,2,RankMaximal,1,957.0,nan,0.49218580126114375,0.09474885844748858,2.0,4.455831758131821,nan,4.455831758131821,0.9362142754561611,0.041200669277793464,0.4353985857999083,0.2706758883158596,.//cost_matrices//cost_matrix_m176_n146.json,.//cost_matrices//quota_matrix_m176_n146.json,PrefLib_176X146_greedy.json
146,176,4,12,0,5,146,0,2,Utilitarian,1,957.0,nan,0.4910279408567079,0.09531963470319633,2.0,4.391993068219046,nan,4.391993068219046,0.9362142754561611,0.041200669277793464,0.4353985857999083,0.2706758883158596,.//cost_matrices//cost_matrix_m176_n146.json,.//cost_matrices//quota_matrix_m176_n146.json,PrefLib_176X146_greedy.json
146,176,4,12,0,5,146,0,2,MockAllocationAll,2,953.0,48.78161624918901,0.48516183060183676,0.09023570865546614,4.0,4.695244274427854,nan,4.695244274427854,0.9376809754897887,0.04272271161738863,0.44256313354642457,0.2629150330557325,.//cost_matrices//cost_matrix_m176_n146.json,.//cost_matrices//quota_matrix_m176_n146.json,PrefLib_176X146_greedy.json
146,176,4,12,0,5,146,0,2,Egalitarian,2,953.0,nan,0.4785007610350076,0.07876712328767123,4.0,4.244249484680774,nan,4.244249484680774,0.9376809754897887,0.04272271161738863,0.44256313354642457,0.2629150330557325,.//cost_matrices//cost_matrix_m176_n146.json,.//cost_matrices//quota_matrix_m176_n146.json,PrefLib_176X146_greedy.json
146,176,4,12,0,5,146,0,2,RankMaximal,2,953.0,nan,0.4853527940856708,0.09246575342465753,4.0,4.265996518232876,nan,4.265996518232876,0.9376809754897887,0.04272271161738863,0.44256313354642457,0.2629150330557325,.//cost_matrices//cost_matrix_m176_n146.json,.//cost_matrices//quota_matrix_m176_n146.json,PrefLib_176X146_greedy.json
146,176,4,12,0,5,146,0,2,Utilitarian,2,953.0,nan,0.4888100674059579,0.10159817351598173,4.0,4.447855737568984,nan,4.447855737568984,0.9376809754897887,0.04272271161738863,0.44256313354642457,0.2629150330557325,.//cost_matrices//cost_matrix_m176_n146.json,.//cost_matrices//quota_matrix_m176_n146.json,PrefLib_176X146_greedy.json
146,176,4,12,0,5,146,0,2,MockAllocationAll,3,960.0,48.416861054391454,0.4878320366129846,0.08935087875717872,4.0,4.751973881103584,nan,4.751973881103584,0.9361662842200286,0.04226976222920856,0.43973670315758007,0.27200451629434497,.//cost_matrices//cost_matrix_m176_n146.json,.//cost_matrices//quota_matrix_m176_n146.json,PrefLib_176X146_greedy.json
146,176,4,12,0,5,146,0,2,Egalitarian,3,960.0,nan,0.47266797129810834,0.06335616438356165,4.0,3.983076149027116,nan,3.983076149027116,0.9361662842200286,0.04226976222920856,0.43973670315758007,0.27200451629434497,.//cost_matrices//cost_matrix_m176_n146.json,.//cost_matrices//quota_matrix_m176_n146.json,PrefLib_176X146_greedy.json
146,176,4,12,0,5,146,0,2,RankMaximal,3,960.0,nan,0.48892965862143944,0.0976027397260274,4.0,4.373774500293647,nan,4.373774500293647,0.9361662842200286,0.04226976222920856,0.43973670315758007,0.27200451629434497,.//cost_matrices//cost_matrix_m176_n146.json,.//cost_matrices//quota_matrix_m176_n146.json,PrefLib_176X146_greedy.json
146,176,4,12,0,5,146,0,2,Utilitarian,3,960.0,nan,0.4862633181126331,0.0884703196347032,4.0,4.325122320919321,nan,4.325122320919321,0.9361662842200286,0.04226976222920856,0.43973670315758007,0.27200451629434497,.//cost_matrices//cost_matrix_m176_n146.json,.//cost_matrices//quota_matrix_m176_n146.json,PrefLib_176X146_greedy.json
146,176,4,12,0,5,146,0,2,MockAllocationAll,4,950.0,46.867860151448184,0.4803730863419309,0.08659748557422983,1.0,4.635645705409183,nan,4.635645705409183,0.937631142687168,0.03906236089524493,0.43909179719239483,0.26486914348007073,.//cost_matrices//cost_matrix_m176_n146.json,.//cost_matrices//quota_matrix_m176_n146.json,PrefLib_176X146_greedy.json
146,176,4,12,0,5,146,0,2,Egalitarian,4,950.0,nan,0.4697053707327679,0.0702054794520548,1.0,4.186287702469579,nan,4.186287702469579,0.937631142687168,0.03906236089524493,0.43909179719239483,0.26486914348007073,.//cost_matrices//cost_matrix_m176_n146.json,.//cost_matrices//quota_matrix_m176_n146.json,PrefLib_176X146_greedy.json
146,176,4,12,0,5,146,0,2,RankMaximal,4,950.0,nan,0.4829935855620788,0.09189497716894976,1.0,4.151039229761592,nan,4.151039229761592,0.937631142687168,0.03906236089524493,0.43909179719239483,0.26486914348007073,.//cost_matrices//cost_matrix_m176_n146.json,.//cost_matrices//quota_matrix_m176_n146.json,PrefLib_176X146_greedy.json
146,176,4,12,0,5,146,0,2,Utilitarian,4,950.0,nan,0.4743993259404218,0.07990867579908677,1.0,4.259774551367442,nan,4.259774551367442,0.937631142687168,0.03906236089524493,0.43909179719239483,0.26486914348007073,.//cost_matrices//cost_matrix_m176_n146.json,.//cost_matrices//quota_matrix_m176_n146.json,PrefLib_176X146_greedy.json
146,176,4,12,0,5,146,0,2,MockAllocationAll,5,950.0,51.03952813606374,0.48793582668104307,0.09447832976882796,6.0,4.7489004252616995,nan,4.7489004252616995,0.9375285812510937,0.041085494645726243,0.43533425613076066,0.25781954198726753,.//cost_matrices//cost_matrix_m176_n146.json,.//cost_matrices//quota_matrix_m176_n146.json,PrefLib_176X146_greedy.json
146,176,4,12,0,5,146,0,2,Egalitarian,5,950.0,nan,0.48272994129158514,0.08561643835616438,6.0,4.464700058359939,nan,4.464700058359939,0.9375285812510937,0.041085494645726243,0.43533425613076066,0.25781954198726753,.//cost_matrices//cost_matrix_m176_n146.json,.//cost_matrices//quota_matrix_m176_n146.json,PrefLib_176X146_greedy.json
146,176,4,12,0,5,146,0,2,RankMaximal,5,950.0,nan,0.48885627310284846,0.0976027397260274,6.0,4.386149136877537,nan,4.386149136877537,0.9375285812510937,0.041085494645726243,0.43533425613076066,0.25781954198726753,.//cost_matrices//cost_matrix_m176_n146.json,.//cost_matrices//quota_matrix_m176_n146.json,PrefLib_176X146_greedy.json
146,176,4,12,0,5,146,0,2,Utilitarian,5,950.0,nan,0.4894814090019569,0.09817351598173515,6.0,4.303394158701309,nan,4.303394158701309,0.9375285812510937,0.041085494645726243,0.43533425613076066,0.25781954198726753,.//cost_matrices//cost_matrix_m176_n146.json,.//cost_matrices//quota_matrix_m176_n146.json,PrefLib_176X146_greedy.json
146,176,4,12,0,5,146,0,2,MockAllocationAll,6,944.0,44.13566315118007,0.4751814940749295,0.08167330652042466,2.0,4.587824032065326,nan,4.587824032065326,0.9378060144141043,0.04123807885135884,0.44110935459618644,0.26347240660460036,.//cost_matrices//cost_matrix_m176_n146.json,.//cost_matrices//quota_matrix_m176_n146.json,PrefLib_176X146_greedy.json
146,176,4,12,0,5,146,0,2,Egalitarian,6,944.0,nan,0.4742172211350294,0.07876712328767123,2.0,4.250212920879458,nan,4.250212920879458,0.9378060144141043,0.04123807885135884,0.44110935459618644,0.26347240660460036,.//cost_matrices//cost_matrix_m176_n146.json,.//cost_matrices//quota_matrix_m176_n146.json,PrefLib_176X146_greedy.json
146,176,4,12,0,5,146,0,2,RankMaximal,6,944.0,nan,0.4753995433789954,0.09018264840182647,2.0,4.307325074791369,nan,4.307325074791369,0.9378060144141043,0.04123807885135884,0.44110935459618644,0.26347240660460036,.//cost_matrices//cost_matrix_m176_n146.json,.//cost_matrices//quota_matrix_m176_n146.json,PrefLib_176X146_greedy.json
146,176,4,12,0,5,146,0,2,Utilitarian,6,944.0,nan,0.4777098282235269,0.09189497716894977,2.0,4.380065015159825,nan,4.380065015159825,0.9378060144141043,0.04123807885135884,0.44110935459618644,0.26347240660460036,.//cost_matrices//cost_matrix_m176_n146.json,.//cost_matrices//quota_matrix_m176_n146.json,PrefLib_176X146_greedy.json
146,176,4,12,0,5,146,0,2,MockAllocationAll,7,938.0,45.481762814281176,0.47342675613433893,0.08420643172805248,1.0,4.653237430692382,nan,4.653237430692382,0.9372229579896741,0.04264986099690558,0.4402272225965388,0.2575013287187089,.//cost_matrices//cost_matrix_m176_n146.json,.//cost_matrices//quota_matrix_m176_n146.json,PrefLib_176X146_greedy.json
146,176,4,12,0,5,146,0,2,Egalitarian,7,938.0,nan,0.47242804759928053,0.0821917808219178,1.0,4.184370390539045,nan,4.184370390539045,0.9372229579896741,0.04264986099690558,0.4402272225965388,0.2575013287187089,.//cost_matrices//cost_matrix_m176_n146.json,.//cost_matrices//quota_matrix_m176_n146.json,PrefLib_176X146_greedy.json
146,176,4,12,0,5,146,0,2,RankMaximal,7,938.0,nan,0.4734991796635632,0.0867579908675799,1.0,4.28896801238745,nan,4.28896801238745,0.9372229579896741,0.04264986099690558,0.4402272225965388,0.2575013287187089,.//cost_matrices//cost_matrix_m176_n146.json,.//cost_matrices//quota_matrix_m176_n146.json,PrefLib_176X146_greedy.json
146,176,4,12,0,5,146,0,2,Utilitarian,7,938.0,nan,0.475703216114175,0.091324200913242,1.0,4.361474675339584,nan,4.361474675339584,0.9372229579896741,0.04264986099690558,0.4402272225965388,0.2575013287187089,.//cost_matrices//cost_matrix_m176_n146.json,.//cost_matrices//quota_matrix_m176_n146.json,PrefLib_176X146_greedy.json
146,176,4,12,0,5,146,0,2,MockAllocationAll,8,962.0,48.647458222150235,0.4890810700416415,0.08996850450421118,4.0,4.725350808131328,nan,4.725350808131328,0.9364669666305965,0.04124603828704242,0.4365745191077778,0.26712560436120003,.//cost_matrices//cost_matrix_m176_n146.json,.//cost_matrices//quota_matrix_m176_n146.json,PrefLib_176X146_greedy.json
146,176,4,12,0,5,146,0,2,Egalitarian,8,962.0,nan,0.4747131293364171,0.06506849315068493,4.0,4.205560001965891,nan,4.205560001965891,0.9364669666305965,0.04124603828704242,0.4365745191077778,0.26712560436120003,.//cost_matrices//cost_matrix_m176_n146.json,.//cost_matrices//quota_matrix_m176_n146.json,PrefLib_176X146_greedy.json
146,176,4,12,0,5,146,0,2,RankMaximal,8,962.0,nan,0.49675571764612864,0.10901826484018265,4.0,4.505340321921658,nan,4.505340321921658,0.9364669666305965,0.04124603828704242,0.4365745191077778,0.26712560436120003,.//cost_matrices//cost_matrix_m176_n146.json,.//cost_matrices//quota_matrix_m176_n146.json,PrefLib_176X146_greedy.json
146,176,4,12,0,5,146,0,2,Utilitarian,8,962.0,nan,0.48743081499930824,0.09646118721461186,4.0,4.627478717669246,nan,4.627478717669246,0.9364669666305965,0.04124603828704242,0.4365745191077778,0.26712560436120003,.//cost_matrices//cost_matrix_m176_n146.json,.//cost_matrices//quota_matrix_m176_n146.json,PrefLib_176X146_greedy.json
146,176,4,12,0,5,146,0,2,MockAllocationAll,9,943.0,54.697962529396946,0.48909285391917656,0.1012020019130127,4.0,4.856573507648882,nan,4.856573507648882,0.9378102719476252,0.04092634100453887,0.43714658196781425,0.2596579043732937,.//cost_matrices//cost_matrix_m176_n146.json,.//cost_matrices//quota_matrix_m176_n146.json,PrefLib_176X146_greedy.json
146,176,4,12,0,5,146,0,2,Egalitarian,9,943.0,nan,0.48159926070884973,0.0839041095890411,4.0,4.261292248191047,nan,4.261292248191047,0.9378102719476252,0.04092634100453887,0.43714658196781425,0.2596579043732937,.//cost_matrices//cost_matrix_m176_n146.json,.//cost_matrices//quota_matrix_m176_n146.json,PrefLib_176X146_greedy.json
146,176,4,12,0,5,146,0,2,RankMaximal,9,943.0,nan,0.4796667753859535,0.0958904109589041,4.0,4.347642236422457,nan,4.347642236422457,0.9378102719476252,0.04092634100453887,0.43714658196781425,0.2596579043732937,.//cost_matrices//cost_matrix_m176_n146.json,.//cost_matrices//quota_matrix_m176_n146.json,PrefLib_176X146_greedy.json
146,176,4,12,0,5,146,0,2,Utilitarian,9,943.0,nan,0.4824608610567514,0.09474885844748858,4.0,4.328049345810864,nan,4.328049345810864,0.9378102719476252,0.04092634100453887,0.43714658196781425,0.2596579043732937,.//cost_matrices//cost_matrix_m176_n146.json,.//cost_matrices//quota_matrix_m176_n146.json,PrefLib_176X146_greedy.json
146,176,5,12,0,5,146,0,2,MockAllocationAll,0,1347.0,54.67730829015291,0.63501266143872,0.09950847600122702,0.0,5.359981245459684,nan,5.359981245459684,0.9105719390525513,0.049396755046728025,0.3629764789136525,0.24714409161413148,.//cost_matrices//cost_matrix_m176_n146.json,.//cost_matrices//quota_matrix_m176_n146.json,PrefLib_176X146_greedy.json
146,176,5,12,0,5,146,0,2,Egalitarian,0,1347.0,nan,0.6069801583500214,0.04280821917808219,0.0,3.8775974524905026,nan,3.8775974524905026,0.9105719390525513,0.049396755046728025,0.3629764789136525,0.24714409161413148,.//cost_matrices//cost_matrix_m176_n146.json,.//cost_matrices//quota_matrix_m176_n146.json,PrefLib_176X146_greedy.json
146,176,5,12,0,5,146,0,2,RankMaximal,0,1347.0,nan,0.6072190936916965,0.03938356164383561,0.0,3.643233808110693,nan,3.643233808110693,0.9105719390525513,0.049396755046728025,0.3629764789136525,0.24714409161413148,.//cost_matrices//cost_matrix_m176_n146.json,.//cost_matrices//quota_matrix_m176_n146.json,PrefLib_176X146_greedy.json
146,176,5,12,0,5,146,0,2,Utilitarian,0,1347.0,nan,0.6082225232910164,0.04680365296803652,0.0,3.788473706494991,nan,3.788473706494991,0.9105719390525513,0.049396755046728025,0.3629764789136525,0.24714409161413148,.//cost_matrices//cost_matrix_m176_n146.json,.//cost_matrices//quota_matrix_m176_n146.json,PrefLib_176X146_greedy.json
146,176,5,12,0,5,146,0,2,MockAllocationAll,1,1342.0,50.436356688702155,0.6310746633598383,0.0918809760716492,0.0,5.29414179172437,nan,5.29414179172437,0.9092723576033497,0.04811217919574839,0.3620147261336425,0.2421261033617993,.//cost_matrices//cost_matrix_m176_n146.json,.//cost_matrices//quota_matrix_m176_n146.json,PrefLib_176X146_greedy.json
146,176,5,12,0,5,146,0,2,Egalitarian,1,1342.0,nan,0.6087983363668295,0.04280821917808219,0.0,3.8955455761380384,nan,3.8955455761380384,0.9092723576033497,0.04811217919574839,0.3620147261336425,0.2421261033617993,.//cost_matrices//cost_matrix_m176_n146.json,.//cost_matrices//quota_matrix_m176_n146.json,PrefLib_176X146_greedy.json
146,176,5,12,0,5,146,0,2,RankMaximal,1,1342.0,nan,0.6100166196056607,0.04509132420091324,0.0,3.7427182452992778,nan,3.7427182452992778,0.9092723576033497,0.04811217919574839,0.3620147261336425,0.2421261033617993,.//cost_matrices//cost_matrix_m176_n146.json,.//cost_matrices//quota_matrix_m176_n146.json,PrefLib_176X146_greedy.json
146,176,5,12,0,5,146,0,2,Utilitarian,1,1342.0,nan,0.6075272900615366,0.04509132420091324,0.0,3.7713568123915047,nan,3.7713568123915047,0.9092723576033497,0.04811217919574839,0.3620147261336425,0.2421261033617993,.//cost_matrices//cost_matrix_m176_n146.json,.//cost_matrices//quota_matrix_m176_n146.json,PrefLib_176X146_greedy.json
146,176,5,12,0,5,146,0,2,MockAllocationAll,2,1336.0,56.428179707242045,0.6343313256466153,0.10272413386357213,0.0,5.406663301482128,nan,5.406663301482128,0.9097300258541227,0.04608527835326641,0.35216538968249156,0.2384757948109798,.//cost_matrices//cost_matrix_m176_n146.json,.//cost_matrices//quota_matrix_m176_n146.json,PrefLib_176X146_greedy.json
146,176,5,12,0,5,146,0,2,Egalitarian,2,1336.0,nan,0.6272001685529083,0.09075342465753425,0.0,4.592362599065287,nan,4.592362599065287,0.9097300258541227,0.04608527835326641,0.35216538968249156,0.2384757948109798,.//cost_matrices//cost_matrix_m176_n146.json,.//cost_matrices//quota_matrix_m176_n146.json,PrefLib_176X146_greedy.json
146,176,5,12,0,5,146,0,2,RankMaximal,2,1336.0,nan,0.6090832398195413,0.05251141552511415,0.0,3.8714329341264366,nan,3.8714329341264366,0.9097300258541227,0.04608527835326641,0.35216538968249156,0.2384757948109798,.//cost_matrices//cost_matrix_m176_n146.json,.//cost_matrices//quota_matrix_m176_n146.json,PrefLib_176X146_greedy.json
146,176,5,12,0,5,146,0,2,Utilitarian,2,1336.0,nan,0.6083972439280659,0.05194063926940638,0.0,3.877744450860681,nan,3.877744450860681,0.9097300258541227,0.04608527835326641,0.35216538968249156,0.2384757948109798,.//cost_matrices//cost_matrix_m176_n146.json,.//cost_matrices//quota_matrix_m176_n146.json,PrefLib_176X146_greedy.json
146,176,5,12,0,5,146,0,2,MockAllocationAll,3,1351.0,57.72543746386509,0.6384867046151871,0.10500509039390304,0.0,5.441134766381573,nan,5.441134766381573,0.9104176826012275,0.046286787218549966,0.36404924401781835,0.24900958498729023,.//cost_matrices//cost_matrix_m176_n146.json,.//cost_matrices//quota_matrix_m176_n146.json,PrefLib_176X146_greedy.json
146,176,5,12,0,5,146,0,2,Egalitarian,3,1351.0,nan,0.6005288376007555,0.02910958904109589,0.0,3.693977717888879,nan,3.693977717888879,0.9104176826012275,0.046286787218549966,0.36404924401781835,0.24900958498729023,.//cost_matrices//cost_matrix_m176_n146.json,.//cost_matrices//quota_matrix_m176_n146.json,PrefLib_176X146_greedy.json
146,176,5,12,0,5,146,0,2,RankMaximal,3,1351.0,nan,0.6118221960687714,0.050799086757990865,0.0,3.850717490734278,nan,3.850717490734278,0.9104176826012275,0.046286787218549966,0.36404924401781835,0.24900958498729023,.//cost_matrices//cost_matrix_m176_n146.json,.//cost_matrices//quota_matrix_m176_n146.json,PrefLib_176X146_greedy.json
146,176,5,12,0,5,146,0,2,Utilitarian,3,1351.0,nan,0.6104020503849271,0.05251141552511415,0.0,3.7966984649166378,nan,3.7966984649166378,0.9104176826012275,0.046286787218549966,0.36404924401781835,0.24900958498729023,.//cost_matrices//cost_matrix_m176_n146.json,.//cost_matrices//quota_matrix_m176_n146.json,PrefLib_176X146_greedy.json
146,176,5,12,0,5,146,0,2,MockAllocationAll,4,1341.0,56.79149433374439,0.6357829835826392,0.10329774279561232,0.0,5.460589179412715,nan,5.460589179412715,0.9076391027792509,0.04497253961513594,0.3482980934112938,0.23323404814213153,.//cost_matrices//cost_matrix_m176_n146.json,.//cost_matrices//quota_matrix_m176_n146.json,PrefLib_176X146_greedy.json
146,176,5,12,0,5,146,0,2,Egalitarian,4,1341.0,nan,0.6024814036800338,0.03595890410958904,0.0,3.7723563823072914,nan,3.7723563823072914,0.9076391027792509,0.04497253961513594,0.3482980934112938,0.23323404814213153,.//cost_matrices//cost_matrix_m176_n146.json,.//cost_matrices//quota_matrix_m176_n146.json,PrefLib_176X146_greedy.json
146,176,5,12,0,5,146,0,2,RankMaximal,4,1341.0,nan,0.6114287538945073,0.04965753424657534,0.0,3.795577902449406,nan,3.795577902449406,0.9076391027792509,0.04497253961513594,0.3482980934112938,0.23323404814213153,.//cost_matrices//cost_matrix_m176_n146.json,.//cost_matrices//quota_matrix_m176_n146.json,PrefLib_176X146_greedy.json
146,176,5,12,0,5,146,0,2,Utilitarian,4,1341.0,nan,0.6089085381893601,0.04908675799086758,0.0,3.7710190475019276,nan,3.7710190475019276,0.9076391027792509,0.04497253961513594,0.3482980934112938,0.23323404814213153,.//cost_matrices//cost_matrix_m176_n146.json,.//cost_matrices//quota_matrix_m176_n146.json,PrefLib_176X146_greedy.json
146,176,5,12,0,5,146,0,2,MockAllocationAll,5,1360.0,56.55854618009421,0.6402442960766757,0.1028844484354458,0.0,5.4576686349023005,nan,5.4576686349023005,0.9095205131201334,0.04628221068698681,0.3528661435356124,0.23970884184362043,.//cost_matrices//cost_matrix_m176_n146.json,.//cost_matrices//quota_matrix_m176_n146.json,PrefLib_176X146_greedy.json
146,176,5,12,0,5,146,0,2,Egalitarian,5,1360.0,nan,0.6153448150023492,0.0547945205479452,0.0,4.108338221837323,nan,4.108338221837323,0.9095205131201334,0.04628221068698681,0.3528661435356124,0.23970884184362043,.//cost_matrices//cost_matrix_m176_n146.json,.//cost_matrices//quota_matrix_m176_n146.json,PrefLib_176X146_greedy.json
146,176,5,12,0,5,146,0,2,RankMaximal,5,1360.0,nan,0.6079356906411701,0.03767123287671233,0.0,3.707133516919196,nan,3.707133516919196,0.9095205131201334,0.04628221068698681,0.3528661435356124,0.23970884184362043,.//cost_matrices//cost_matrix_m176_n146.json,.//cost_matrices//quota_matrix_m176_n146.json,PrefLib_176X146_greedy.json
146,176,5,12,0,5,146,0,2,Utilitarian,5,1360.0,nan,0.6122487862213889,0.04509132420091324,0.0,3.7261235714578187,nan,3.7261235714578187,0.9095205131201334,0.04628221068698681,0.3528661435356124,0.23970884184362043,.//cost_matrices//cost_matrix_m176_n146.json,.//cost_matrices//quota_matrix_m176_n146.json,PrefLib_176X146_greedy.json
146,176,5,12,0,5,146,0,2,MockAllocationAll,6,1338.0,54.18650491907015,0.6349285884989476,0.0988442134274317,0.0,5.374630202508168,nan,5.374630202508168,0.908884974278881,0.04783663412784344,0.3646769960336099,0.24302886162328313,.//cost_matrices//cost_matrix_m176_n146.json,.//cost_matrices//quota_matrix_m176_n146.json,PrefLib_176X146_greedy.json
146,176,5,12,0,5,146,0,2,Egalitarian,6,1338.0,nan,0.6047933231152409,0.03595890410958904,0.0,3.7816004881400853,nan,3.7816004881400853,0.908884974278881,0.04783663412784344,0.3646769960336099,0.24302886162328313,.//cost_matrices//cost_matrix_m176_n146.json,.//cost_matrices//quota_matrix_m176_n146.json,PrefLib_176X146_greedy.json
146,176,5,12,0,5,146,0,2,RankMaximal,6,1338.0,nan,0.6077479407958859,0.04680365296803653,0.0,3.768494845039104,nan,3.768494845039104,0.908884974278881,0.04783663412784344,0.3646769960336099,0.24302886162328313,.//cost_matrices//cost_matrix_m176_n146.json,.//cost_matrices//quota_matrix_m176_n146.json,PrefLib_176X146_greedy.json
146,176,5,12,0,5,146,0,2,Utilitarian,6,1338.0,nan,0.607568877089425,0.045662100456621,0.0,3.7814202204557885,nan,3.7814202204557885,0.908884974278881,0.04783663412784344,0.3646769960336099,0.24302886162328313,.//cost_matrices//cost_matrix_m176_n146.json,.//cost_matrices//quota_matrix_m176_n146.json,PrefLib_176X146_greedy.json
146,176,5,12,0,5,146,0,2,MockAllocationAll,7,1359.0,58.685276563117384,0.641363830691445,0.10672282502295628,0.0,5.531044274372225,nan,5.531044274372225,0.9085010649975402,0.04765301569923432,0.359285802158892,0.2379602490245131,.//cost_matrices//cost_matrix_m176_n146.json,.//cost_matrices//quota_matrix_m176_n146.json,PrefLib_176X146_greedy.json
146,176,5,12,0,5,146,0,2,Egalitarian,7,1359.0,nan,0.6203027090869556,0.07191780821917808,0.0,4.186085260057922,nan,4.186085260057922,0.9085010649975402,0.04765301569923432,0.359285802158892,0.2379602490245131,.//cost_matrices//cost_matrix_m176_n146.json,.//cost_matrices//quota_matrix_m176_n146.json,PrefLib_176X146_greedy.json
146,176,5,12,0,5,146,0,2,RankMaximal,7,1359.0,nan,0.6153291723497204,0.04965753424657534,0.0,3.7949496193491044,nan,3.7949496193491044,0.9085010649975402,0.04765301569923432,0.359285802158892,0.2379602490245131,.//cost_matrices//cost_matrix_m176_n146.json,.//cost_matrices//quota_matrix_m176_n146.json,PrefLib_176X146_greedy.json
146,176,5,12,0,5,146,0,2,Utilitarian,7,1359.0,nan,0.6127974004686334,0.04794520547945205,0.0,3.8723492503442953,nan,3.8723492503442953,0.9085010649975402,0.04765301569923432,0.359285802158892,0.2379602490245131,.//cost_matrices//cost_matrix_m176_n146.json,.//cost_matrices//quota_matrix_m176_n146.json,PrefLib_176X146_greedy.json
146,176,5,12,0,5,146,0,2,MockAllocationAll,8,1353.0,58.93018613434924,0.6426714512445774,0.10733489966797402,0.0,5.4995406150421315,nan,5.4995406150421315,0.908435522454207,0.04577392525861017,0.35137306849023,0.23870626820350954,.//cost_matrices//cost_matrix_m176_n146.json,.//cost_matrices//quota_matrix_m176_n146.json,PrefLib_176X146_greedy.json
146,176,5,12,0,5,146,0,2,Egalitarian,8,1353.0,nan,0.6141007774569418,0.04794520547945205,0.0,3.9527156187588224,nan,3.9527156187588224,0.908435522454207,0.04577392525861017,0.35137306849023,0.23870626820350954,.//cost_matrices//cost_matrix_m176_n146.json,.//cost_matrices//quota_matrix_m176_n146.json,PrefLib_176X146_greedy.json
146,176,5,12,0,5,146,0,2,RankMaximal,8,1353.0,nan,0.6207400476236092,0.0593607305936073,0.0,4.015937432753801,nan,4.015937432753801,0.908435522454207,0.04577392525861017,0.35137306849023,0.23870626820350954,.//cost_matrices//cost_matrix_m176_n146.json,.//cost_matrices//quota_matrix_m176_n146.json,PrefLib_176X146_greedy.json
146,176,5,12,0,5,146,0,2,Utilitarian,8,1353.0,nan,0.6124350535309439,0.045662100456621,0.0,3.851841251430312,nan,3.851841251430312,0.908435522454207,0.04577392525861017,0.35137306849023,0.23870626820350954,.//cost_matrices//cost_matrix_m176_n146.json,.//cost_matrices//quota_matrix_m176_n146.json,PrefLib_176X146_greedy.json
146,176,5,12,0,5,146,0,2,MockAllocationAll,9,1355.0,51.66153651064624,0.6348138440217285,0.09410599521129465,0.0,5.321730060244701,nan,5.321730060244701,0.9087260919656992,0.04876504904052415,0.36081053103675936,0.24067233111149788,.//cost_matrices//cost_matrix_m176_n146.json,.//cost_matrices//quota_matrix_m176_n146.json,PrefLib_176X146_greedy.json
146,176,5,12,0,5,146,0,2,Egalitarian,9,1355.0,nan,0.6072752030850338,0.03595890410958904,0.0,3.7170015667297167,nan,3.7170015667297167,0.9087260919656992,0.04876504904052415,0.36081053103675936,0.24067233111149788,.//cost_matrices//cost_matrix_m176_n146.json,.//cost_matrices//quota_matrix_m176_n146.json,PrefLib_176X146_greedy.json
146,176,5,12,0,5,146,0,2,RankMaximal,9,1355.0,nan,0.6172272250535747,0.05878995433789953,0.0,4.00367748269147,nan,4.00367748269147,0.9087260919656992,0.04876504904052415,0.36081053103675936,0.24067233111149788,.//cost_matrices//cost_matrix_m176_n146.json,.//cost_matrices//quota_matrix_m176_n146.json,PrefLib_176X146_greedy.json
146,176,5,12,0,5,146,0,2,Utilitarian,9,1355.0,nan,0.6115875831125629,0.04680365296803652,0.0,3.7390988894460686,nan,3.7390988894460686,0.9087260919656992,0.04876504904052415,0.36081053103675936,0.24067233111149788,.//cost_matrices//cost_matrix_m176_n146.json,.//cost_matrices//quota_matrix_m176_n146.json,PrefLib_176X146_greedy.json
146,176,6,12,0,5,146,0,2,MockAllocationAll,0,1891.0,72.8775712719765,0.7434865131847821,0.1311508110570388,0.0,6.418033200585027,nan,6.418033200585027,0.8792086055452681,0.0497014543710238,0.301784927016584,0.2282343849290299,.//cost_matrices//cost_matrix_m176_n146.json,.//cost_matrices//quota_matrix_m176_n146.json,PrefLib_176X146_greedy.json
146,176,6,12,0,5,146,0,2,Egalitarian,0,1891.0,nan,0.701740814867766,0.02910958904109589,0.0,3.6462000122449996,nan,3.6462000122449996,0.8792086055452681,0.0497014543710238,0.301784927016584,0.2282343849290299,.//cost_matrices//cost_matrix_m176_n146.json,.//cost_matrices//quota_matrix_m176_n146.json,PrefLib_176X146_greedy.json
146,176,6,12,0,5,146,0,2,RankMaximal,0,1891.0,nan,0.6998532484634709,0.021118721461187213,0.0,3.456780139656712,nan,3.456780139656712,0.8792086055452681,0.0497014543710238,0.301784927016584,0.2282343849290299,.//cost_matrices//cost_matrix_m176_n146.json,.//cost_matrices//quota_matrix_m176_n146.json,PrefLib_176X146_greedy.json
146,176,6,12,0,5,146,0,2,Utilitarian,0,1891.0,nan,0.7033852036825736,0.025684931506849314,0.0,3.4907200115434223,nan,3.4907200115434223,0.8792086055452681,0.0497014543710238,0.301784927016584,0.2282343849290299,.//cost_matrices//cost_matrix_m176_n146.json,.//cost_matrices//quota_matrix_m176_n146.json,PrefLib_176X146_greedy.json
146,176,6,12,0,5,146,0,2,MockAllocationAll,1,1910.0,61.51260011269266,0.7378904215575338,0.11059417643382384,0.0,6.14905746805716,nan,6.14905746805716,0.881253550017706,0.052520467795845044,0.3050823725554778,0.22078595436540385,.//cost_matrices//cost_matrix_m176_n146.json,.//cost_matrices//quota_matrix_m176_n146.json,PrefLib_176X146_greedy.json
146,176,6,12,0,5,146,0,2,Egalitarian,1,1910.0,nan,0.6981023559374183,0.011986301369863013,0.0,3.530043796327961,nan,3.530043796327961,0.881253550017706,0.052520467795845044,0.3050823725554778,0.22078595436540385,.//cost_matrices//cost_matrix_m176_n146.json,.//cost_matrices//quota_matrix_m176_n146.json,PrefLib_176X146_greedy.json
146,176,6,12,0,5,146,0,2,RankMaximal,1,1910.0,nan,0.7033560647309272,0.02454337899543379,0.0,3.5914890474368164,nan,3.5914890474368164,0.881253550017706,0.052520467795845044,0.3050823725554778,0.22078595436540385,.//cost_matrices//cost_matrix_m176_n146.json,.//cost_matrices//quota_matrix_m176_n146.json,PrefLib_176X146_greedy.json
146,176,6,12,0,5,146,0,2,Utilitarian,1,1910.0,nan,0.70458367485035,0.023401826484018264,0.0,3.523613841990872,nan,3.523613841990872,0.881253550017706,0.052520467795845044,0.3050823725554778,0.22078595436540385,.//cost_matrices//cost_matrix_m176_n146.json,.//cost_matrices//quota_matrix_m176_n146.json,PrefLib_176X146_greedy.json
146,176,6,12,0,5,146,0,2,MockAllocationAll,2,1869.0,63.52515456807336,0.7347377905974075,0.11431681815271418,0.0,6.168758314426273,nan,6.168758314426273,0.8816602874717401,0.051381485584341295,0.3017077365296005,0.21726116789990188,.//cost_matrices//cost_matrix_m176_n146.json,.//cost_matrices//quota_matrix_m176_n146.json,PrefLib_176X146_greedy.json
146,176,6,12,0,5,146,0,2,Egalitarian,2,1869.0,nan,0.6947504800744003,0.0136986301369863,0.0,3.5588686642088985,nan,3.5588686642088985,0.8816602874717401,0.051381485584341295,0.3017077365296005,0.21726116789990188,.//cost_matrices//cost_matrix_m176_n146.json,.//cost_matrices//quota_matrix_m176_n146.json,PrefLib_176X146_greedy.json
146,176,6,12,0,5,146,0,2,RankMaximal,2,1869.0,nan,0.6973980567144598,0.0182648401826484,0.0,3.48170453234332,nan,3.48170453234332,0.8816602874717401,0.051381485584341295,0.3017077365296005,0.21726116789990188,.//cost_matrices//cost_matrix_m176_n146.json,.//cost_matrices//quota_matrix_m176_n146.json,PrefLib_176X146_greedy.json
146,176,6,12,0,5,146,0,2,Utilitarian,2,1869.0,nan,0.69983543619179,0.021118721461187213,0.0,3.5415158915705836,nan,3.5415158915705836,0.8816602874717401,0.051381485584341295,0.3017077365296005,0.21726116789990188,.//cost_matrices//cost_matrix_m176_n146.json,.//cost_matrices//quota_matrix_m176_n146.json,PrefLib_176X146_greedy.json
146,176,6,12,0,5,146,0,2,MockAllocationAll,3,1890.0,65.74739537525713,0.7371824748381213,0.11824325270528666,0.0,6.2646324531128394,nan,6.2646324531128394,0.8802240306897661,0.05060176833924131,0.30158244176566745,0.2277455250272265,.//cost_matrices//cost_matrix_m176_n146.json,.//cost_matrices//quota_matrix_m176_n146.json,PrefLib_176X146_greedy.json
146,176,6,12,0,5,146,0,2,Egalitarian,3,1890.0,nan,0.6964723094347604,0.015410958904109588,0.0,3.538400042967983,nan,3.538400042967983,0.8802240306897661,0.05060176833924131,0.30158244176566745,0.2277455250272265,.//cost_matrices//cost_matrix_m176_n146.json,.//cost_matrices//quota_matrix_m176_n146.json,PrefLib_176X146_greedy.json
146,176,6,12,0,5,146,0,2,RankMaximal,3,1890.0,nan,0.6976619616215921,0.0228310502283105,0.0,3.591851731116565,nan,3.591851731116565,0.8802240306897661,0.05060176833924131,0.30158244176566745,0.2277455250272265,.//cost_matrices//cost_matrix_m176_n146.json,.//cost_matrices//quota_matrix_m176_n146.json,PrefLib_176X146_greedy.json
146,176,6,12,0,5,146,0,2,Utilitarian,3,1890.0,nan,0.6994520828041306,0.021689497716894976,0.0,3.448110028349291,nan,3.448110028349291,0.8802240306897661,0.05060176833924131,0.30158244176566745,0.2277455250272265,.//cost_matrices//cost_matrix_m176_n146.json,.//cost_matrices//quota_matrix_m176_n146.json,PrefLib_176X146_greedy.json
146,176,6,12,0,5,146,0,2,MockAllocationAll,4,1888.0,69.11654090588331,0.7401522187931427,0.12449184421455312,0.0,6.3214684931039775,nan,6.3214684931039775,0.881797119397236,0.05066685094421928,0.3031882251635179,0.22321334246884858,.//cost_matrices//cost_matrix_m176_n146.json,.//cost_matrices//quota_matrix_m176_n146.json,PrefLib_176X146_greedy.json
146,176,6,12,0,5,146,0,2,Egalitarian,4,1888.0,nan,0.6974443408693695,0.018835616438356163,0.0,3.499861995554938,nan,3.499861995554938,0.881797119397236,0.05066685094421928,0.3031882251635179,0.22321334246884858,.//cost_matrices//cost_matrix_m176_n146.json,.//cost_matrices//quota_matrix_m176_n146.json,PrefLib_176X146_greedy.json
146,176,6,12,0,5,146,0,2,RankMaximal,4,1888.0,nan,0.6987666229833518,0.015410958904109588,0.0,3.4485003829005967,nan,3.4485003829005967,0.881797119397236,0.05066685094421928,0.3031882251635179,0.22321334246884858,.//cost_matrices//cost_matrix_m176_n146.json,.//cost_matrices//quota_matrix_m176_n146.json,PrefLib_176X146_greedy.json
146,176,6,12,0,5,146,0,2,Utilitarian,4,1888.0,nan,0.6965925607759973,0.012557077625570776,0.0,3.392911063364547,nan,3.392911063364547,0.881797119397236,0.05066685094421928,0.3031882251635179,0.22321334246884858,.//cost_matrices//cost_matrix_m176_n146.json,.//cost_matrices//quota_matrix_m176_n146.json,PrefLib_176X146_greedy.json
146,176,6,12,0,5,146,0,2,MockAllocationAll,5,1880.0,61.929654314007394,0.7335661990416682,0.11126304589306783,0.0,6.169119416125601,nan,6.169119416125601,0.8805341745274307,0.052250592102207276,0.30440080430532185,0.22785664567093286,.//cost_matrices//cost_matrix_m176_n146.json,.//cost_matrices//quota_matrix_m176_n146.json,PrefLib_176X146_greedy.json
146,176,6,12,0,5,146,0,2,Egalitarian,5,1880.0,nan,0.6973794976550168,0.017123287671232876,0.0,3.5116794468008155,nan,3.5116794468008155,0.8805341745274307,0.052250592102207276,0.30440080430532185,0.22785664567093286,.//cost_matrices//cost_matrix_m176_n146.json,.//cost_matrices//quota_matrix_m176_n146.json,PrefLib_176X146_greedy.json
146,176,6,12,0,5,146,0,2,RankMaximal,5,1880.0,nan,0.6954872787945742,0.0182648401826484,0.0,3.4519753994192346,nan,3.4519753994192346,0.8805341745274307,0.052250592102207276,0.30440080430532185,0.22785664567093286,.//cost_matrices//cost_matrix_m176_n146.json,.//cost_matrices//quota_matrix_m176_n146.json,PrefLib_176X146_greedy.json
146,176,6,12,0,5,146,0,2,Utilitarian,5,1880.0,nan,0.6937132213093966,0.013127853881278538,0.0,3.3996848750468396,nan,3.3996848750468396,0.8805341745274307,0.052250592102207276,0.30440080430532185,0.22785664567093286,.//cost_matrices//cost_matrix_m176_n146.json,.//cost_matrices//quota_matrix_m176_n146.json,PrefLib_176X146_greedy.json
146,176,6,12,0,5,146,0,2,MockAllocationAll,6,1892.0,68.61329120082249,0.7400136935832352,0.12352532981890772,0.0,6.355193423138559,nan,6.355193423138559,0.879319657164589,0.05361022633597637,0.30536341865098926,0.2274965569095437,.//cost_matrices//cost_matrix_m176_n146.json,.//cost_matrices//quota_matrix_m176_n146.json,PrefLib_176X146_greedy.json
146,176,6,12,0,5,146,0,2,Egalitarian,6,1892.0,nan,0.7018401633732013,0.025684931506849314,0.0,3.641782691605363,nan,3.641782691605363,0.879319657164589,0.05361022633597637,0.30536341865098926,0.2274965569095437,.//cost_matrices//cost_matrix_m176_n146.json,.//cost_matrices//quota_matrix_m176_n146.json,PrefLib_176X146_greedy.json
146,176,6,12,0,5,146,0,2,RankMaximal,6,1892.0,nan,0.6976686531621537,0.015410958904109588,0.0,3.354529487219366,nan,3.354529487219366,0.879319657164589,0.05361022633597637,0.30536341865098926,0.2274965569095437,.//cost_matrices//cost_matrix_m176_n146.json,.//cost_matrices//quota_matrix_m176_n146.json,PrefLib_176X146_greedy.json
146,176,6,12,0,5,146,0,2,Utilitarian,6,1892.0,nan,0.6985455575403199,0.017123287671232876,0.0,3.5002604687756076,nan,3.5002604687756076,0.879319657164589,0.05361022633597637,0.30536341865098926,0.2274965569095437,.//cost_matrices//cost_matrix_m176_n146.json,.//cost_matrices//quota_matrix_m176_n146.json,PrefLib_176X146_greedy.json
146,176,6,12,0,5,146,0,2,MockAllocationAll,7,1877.0,63.01902995967187,0.736034735575865,0.11336640420061382,0.0,6.176925432006439,nan,6.176925432006439,0.8807315373216332,0.05288104775623395,0.30119790397971424,0.21791280613824413,.//cost_matrices//cost_matrix_m176_n146.json,.//cost_matrices//quota_matrix_m176_n146.json,PrefLib_176X146_greedy.json
146,176,6,12,0,5,146,0,2,Egalitarian,7,1877.0,nan,0.6968036101993846,0.011986301369863013,0.0,3.4931972277007586,nan,3.4931972277007586,0.8807315373216332,0.05288104775623395,0.30119790397971424,0.21791280613824413,.//cost_matrices//cost_matrix_m176_n146.json,.//cost_matrices//quota_matrix_m176_n146.json,PrefLib_176X146_greedy.json
146,176,6,12,0,5,146,0,2,RankMaximal,7,1877.0,nan,0.6980925984779589,0.02054794520547945,0.0,3.533040605912509,nan,3.533040605912509,0.8807315373216332,0.05288104775623395,0.30119790397971424,0.21791280613824413,.//cost_matrices//cost_matrix_m176_n146.json,.//cost_matrices//quota_matrix_m176_n146.json,PrefLib_176X146_greedy.json
146,176,6,12,0,5,146,0,2,Utilitarian,7,1877.0,nan,0.7057337049725496,0.033105022831050226,0.0,3.6289269068291476,nan,3.6289269068291476,0.8807315373216332,0.05288104775623395,0.30119790397971424,0.21791280613824413,.//cost_matrices//cost_matrix_m176_n146.json,.//cost_matrices//quota_matrix_m176_n146.json,PrefLib_176X146_greedy.json
146,176,6,12,0,5,146,0,2,MockAllocationAll,8,1877.0,66.42809610290914,0.7373153404517754,0.11957538750331957,0.0,6.242147962092305,nan,6.242147962092305,0.8813172309042208,0.0516235092410663,0.3009261709492302,0.22695982497682163,.//cost_matrices//cost_matrix_m176_n146.json,.//cost_matrices//quota_matrix_m176_n146.json,PrefLib_176X146_greedy.json
146,176,6,12,0,5,146,0,2,Egalitarian,8,1877.0,nan,0.7049732552352561,0.030821917808219176,0.0,3.7201797757119266,nan,3.7201797757119266,0.8813172309042208,0.0516235092410663,0.3009261709492302,0.22695982497682163,.//cost_matrices//cost_matrix_m176_n146.json,.//cost_matrices//quota_matrix_m176_n146.json,PrefLib_176X146_greedy.json
146,176,6,12,0,5,146,0,2,RankMaximal,8,1877.0,nan,0.6956463283569593,0.017123287671232876,0.0,3.4610297181895455,nan,3.4610297181895455,0.8813172309042208,0.0516235092410663,0.3009261709492302,0.22695982497682163,.//cost_matrices//cost_matrix_m176_n146.json,.//cost_matrices//quota_matrix_m176_n146.json,PrefLib_176X146_greedy.json
146,176,6,12,0,5,146,0,2,Utilitarian,8,1877.0,nan,0.6968107711400033,0.019406392694063926,0.0,3.6202579746199706,nan,3.6202579746199706,0.8813172309042208,0.0516235092410663,0.3009261709492302,0.22695982497682163,.//cost_matrices//cost_matrix_m176_n146.json,.//cost_matrices//quota_matrix_m176_n146.json,PrefLib_176X146_greedy.json
146,176,6,12,0,5,146,0,2,MockAllocationAll,9,1881.0,65.20851112002103,0.7374094083036699,0.11742203876855005,0.0,6.2440926295291606,nan,6.2440926295291606,0.8810270544653949,0.05059027966232469,0.30095949678926337,0.2178992993868391,.//cost_matrices//cost_matrix_m176_n146.json,.//cost_matrices//quota_matrix_m176_n146.json,PrefLib_176X146_greedy.json
146,176,6,12,0,5,146,0,2,Egalitarian,9,1881.0,nan,0.6922596273507041,0.011986301369863013,0.0,3.4617744717836523,nan,3.4617744717836523,0.8810270544653949,0.05059027966232469,0.30095949678926337,0.2178992993868391,.//cost_matrices//cost_matrix_m176_n146.json,.//cost_matrices//quota_matrix_m176_n146.json,PrefLib_176X146_greedy.json
146,176,6,12,0,5,146,0,2,RankMaximal,9,1881.0,nan,0.6983807740824047,0.0136986301369863,0.0,3.4205502728008343,nan,3.4205502728008343,0.8810270544653949,0.05059027966232469,0.30095949678926337,0.2178992993868391,.//cost_matrices//cost_matrix_m176_n146.json,.//cost_matrices//quota_matrix_m176_n146.json,PrefLib_176X146_greedy.json
146,176,6,12,0,5,146,0,2,Utilitarian,9,1881.0,nan,0.6975036141118779,0.014269406392694061,0.0,3.385633927334391,nan,3.385633927334391,0.8810270544653949,0.05059027966232469,0.30095949678926337,0.2178992993868391,.//cost_matrices//cost_matrix_m176_n146.json,.//cost_matrices//quota_matrix_m176_n146.json,PrefLib_176X146_greedy.json
400,600,2,100,0,5,400,100,2,MockAllocationAll,0,2547.0,641.105364073098,0.00577967861085418,0.35562381478055727,393.0,10.317665103156987,10.317665103156987,0.0034674487201663846,1.9258149900754384e-05,nan,0.9817750886639199,0.1698634982381445,1.180920644524267,1.3130605115928662,.//cost_matrices/cost_matrix_m600_n400_AAAI17.json,.//cost_matrices/quota_matrix_m600_n400_AAAI17.json,AAAI17_600X400_orig.json
