bidding requirement,forced_permutations,number_of_bids_until_prices_update,total_bids_until_closure,fallback_probability,sample index,total bids,total_excess_papers,gini_excess_papers,hoover_excess_papers,average_cost_per_step_2_paper,average_bidder_cost,gini_bidder_cost,hoover_bidder_cost,average_fallback_bidder_cost,gini_fallback_bidder_cost,hoover_fallback_bidder_cost,average_main_bidder_cost,gini_main_bidder_cost,hoover_main_bidder_cost,cost matrix used,quota matrix used,input json file used
6,0,1,61,0,0,199.0,17.249999999999996,0.7871458149079881,0.6800104521359641,0.7182967138776299,6.822645698953603,0.1931403094520915,0.1466613538362276,nan,nan,nan,6.822645698953603,0.1931403094520915,0.1466613538362276,.//cost_matrices//cost_matrix_sep.json,.//cost_matrices//quota_matrix_sep.json,sim_input.json
6,0,1,61,0,1,198.0,13.107142857142854,0.8234216568855962,0.7565881389477154,0.7002314305699426,6.516346335603761,0.19732600326494634,0.1352511263677471,nan,nan,nan,6.516346335603761,0.19732600326494634,0.1352511263677471,.//cost_matrices//cost_matrix_sep.json,.//cost_matrices//quota_matrix_sep.json,sim_input.json
6,0,1,61,0,2,198.0,14.835714285714287,0.7988023425568271,0.7166523829343733,0.7108482204574138,6.466508945608673,0.23409005849857414,0.16955337128062822,nan,nan,nan,6.466508945608673,0.23409005849857414,0.16955337128062822,.//cost_matrices//cost_matrix_sep.json,.//cost_matrices//quota_matrix_sep.json,sim_input.json
6,0,1,61,0,3,208.0,11.650000000000004,0.785329303934255,0.6547305907983789,0.7257331919563738,6.474434651534378,0.22572125942487495,0.16224152648406467,nan,nan,nan,6.474434651534378,0.22572125942487495,0.16224152648406467,.//cost_matrices//cost_matrix_sep.json,.//cost_matrices//quota_matrix_sep.json,sim_input.json
6,0,1,61,0,4,195.0,16.128571428571426,0.7739401075612027,0.6818486314299598,0.6728057625023917,6.671107979742537,0.21284169033882377,0.14699646646335593,nan,nan,nan,6.671107979742537,0.21284169033882377,0.14699646646335593,.//cost_matrices//cost_matrix_sep.json,.//cost_matrices//quota_matrix_sep.json,sim_input.json
6,0,1,61,0,5,200.0,12.649999999999997,0.8434034858128572,0.7552883227574653,0.7122153778378233,6.473573149645335,0.18084031842779016,0.12398932547931697,nan,nan,nan,6.473573149645335,0.18084031842779016,0.12398932547931697,.//cost_matrices//cost_matrix_sep.json,.//cost_matrices//quota_matrix_sep.json,sim_input.json
6,0,1,61,0,6,193.0,15.65,0.7882305030681738,0.722944238082296,0.6809921649220324,6.627184556811663,0.2510814184595554,0.17099370093392333,nan,nan,nan,6.627184556811663,0.2510814184595554,0.17099370093392333,.//cost_matrices//cost_matrix_sep.json,.//cost_matrices//quota_matrix_sep.json,sim_input.json
6,0,1,61,0,7,197.0,14.9,0.8018624539400383,0.7319018414269717,0.6898365236363121,6.6617736526526175,0.24208625039301757,0.16780418934262842,nan,nan,nan,6.6617736526526175,0.24208625039301757,0.16780418934262842,.//cost_matrices//cost_matrix_sep.json,.//cost_matrices//quota_matrix_sep.json,sim_input.json
6,0,1,61,0,8,198.0,12.999999999999998,0.7318658379276046,0.5998243006252159,0.6947875588269472,6.4765128215607435,0.24260473109256492,0.17000790664596602,nan,nan,nan,6.4765128215607435,0.24260473109256492,0.17000790664596602,.//cost_matrices//cost_matrix_sep.json,.//cost_matrices//quota_matrix_sep.json,sim_input.json
6,0,1,61,0,9,205.0,14.300000000000002,0.7088152501143868,0.6099117048036222,0.7188467980893591,6.751404967870113,0.2597022899231031,0.1863841027079254,nan,nan,nan,6.751404967870113,0.2597022899231031,0.1863841027079254,.//cost_matrices//cost_matrix_sep.json,.//cost_matrices//quota_matrix_sep.json,sim_input.json
6,0,1,61,0,10,192.0,19.349999999999998,0.7184650792081912,0.6206940809474416,0.6724561145750003,7.125752298263156,0.2579262508145747,0.18770468404634938,nan,nan,nan,7.125752298263156,0.2579262508145747,0.18770468404634938,.//cost_matrices//cost_matrix_sep.json,.//cost_matrices//quota_matrix_sep.json,sim_input.json
6,0,1,61,0,11,208.0,13.278571428571428,0.8147939930798002,0.7089606907257321,0.7152571466917864,6.6065028963721675,0.23859632306005632,0.17195540989417693,nan,nan,nan,6.6065028963721675,0.23859632306005632,0.17195540989417693,.//cost_matrices//cost_matrix_sep.json,.//cost_matrices//quota_matrix_sep.json,sim_input.json
6,0,1,61,0,12,207.0,12.685714285714287,0.8051101032957145,0.6831874154972556,0.7214199037108847,6.561578277064896,0.22949714251251938,0.16598673242330475,nan,nan,nan,6.561578277064896,0.22949714251251938,0.16598673242330475,.//cost_matrices//cost_matrix_sep.json,.//cost_matrices//quota_matrix_sep.json,sim_input.json
6,0,1,61,0,13,200.0,12.9,0.7971635771831798,0.7232331739631009,0.7020082524084658,6.408990407606917,0.23400240370095038,0.16502905228962936,nan,nan,nan,6.408990407606917,0.23400240370095038,0.16502905228962936,.//cost_matrices//cost_matrix_sep.json,.//cost_matrices//quota_matrix_sep.json,sim_input.json
6,0,1,61,0,14,196.0,15.357142857142854,0.788765379745386,0.7125306941024026,0.7042190985016672,6.544480935623478,0.19294339736163027,0.13688208030594048,nan,nan,nan,6.544480935623478,0.19294339736163027,0.13688208030594048,.//cost_matrices//cost_matrix_sep.json,.//cost_matrices//quota_matrix_sep.json,sim_input.json
6,0,1,61,0,15,200.0,14.299999999999999,0.7560287912269695,0.643197147967245,0.6903317812834048,6.380251537015421,0.2145455223922115,0.14863552827599516,nan,nan,nan,6.380251537015421,0.2145455223922115,0.14863552827599516,.//cost_matrices//cost_matrix_sep.json,.//cost_matrices//quota_matrix_sep.json,sim_input.json
6,0,1,61,0,16,202.0,15.185714285714287,0.7174583370502778,0.6197601961978036,0.7073514818723295,6.771600741447006,0.2313780944406924,0.169183232516151,nan,nan,nan,6.771600741447006,0.2313780944406924,0.169183232516151,.//cost_matrices//cost_matrix_sep.json,.//cost_matrices//quota_matrix_sep.json,sim_input.json
6,0,1,61,0,17,192.0,15.75,0.7607425615861934,0.6850011680819009,0.6903420012786706,6.743508814623897,0.20670373344377949,0.1465445147051062,nan,nan,nan,6.743508814623897,0.20670373344377949,0.1465445147051062,.//cost_matrices//cost_matrix_sep.json,.//cost_matrices//quota_matrix_sep.json,sim_input.json
6,0,1,61,0,18,198.0,14.049999999999999,0.8039838549431864,0.717042272274067,0.6838897220545561,6.526434065260357,0.21872454331681485,0.15369113029250847,nan,nan,nan,6.526434065260357,0.21872454331681485,0.15369113029250847,.//cost_matrices//cost_matrix_sep.json,.//cost_matrices//quota_matrix_sep.json,sim_input.json
6,0,1,61,0,19,200.0,15.299999999999997,0.7843742620563313,0.692594569881968,0.6849555283537634,6.674217239786697,0.2618269548502083,0.1906649982457267,nan,nan,nan,6.674217239786697,0.2618269548502083,0.1906649982457267,.//cost_matrices//cost_matrix_sep.json,.//cost_matrices//quota_matrix_sep.json,sim_input.json
6,0,1,61,0,20,201.0,12.857142857142858,0.8391410632758762,0.740764663665427,0.711200749591454,6.5490385528725374,0.20965535400057858,0.14984741116739744,nan,nan,nan,6.5490385528725374,0.20965535400057858,0.14984741116739744,.//cost_matrices//cost_matrix_sep.json,.//cost_matrices//quota_matrix_sep.json,sim_input.json
6,0,1,61,0,21,207.0,11.778571428571428,0.798728613350118,0.6739137616329332,0.7334877884988028,6.585362605204871,0.17388776237123174,0.11189045618148978,nan,nan,nan,6.585362605204871,0.17388776237123174,0.11189045618148978,.//cost_matrices//cost_matrix_sep.json,.//cost_matrices//quota_matrix_sep.json,sim_input.json
6,0,1,61,0,22,198.0,13.999999999999995,0.8107709360491051,0.7347974767039515,0.7108037229860612,6.603526878489987,0.20264767637951744,0.1496524875259698,nan,nan,nan,6.603526878489987,0.20264767637951744,0.1496524875259698,.//cost_matrices//cost_matrix_sep.json,.//cost_matrices//quota_matrix_sep.json,sim_input.json
6,0,1,61,0,23,202.0,13.15000000000001,0.7843563816222592,0.7001328428409676,0.701601319236371,6.502352135514748,0.2153456880656538,0.1509971935846047,nan,nan,nan,6.502352135514748,0.2153456880656538,0.1509971935846047,.//cost_matrices//cost_matrix_sep.json,.//cost_matrices//quota_matrix_sep.json,sim_input.json
6,0,1,61,0,24,203.0,14.285714285714285,0.702923108644853,0.5912594162035365,0.7227439626538253,6.764941704315103,0.22004315111673683,0.16102036877645984,nan,nan,nan,6.764941704315103,0.22004315111673683,0.16102036877645984,.//cost_matrices//cost_matrix_sep.json,.//cost_matrices//quota_matrix_sep.json,sim_input.json
6,0,1,61,0,25,215.0,14.921428571428576,0.7541607000009636,0.6353285011657898,0.73615012580521,6.950061639564034,0.20446829727494326,0.14579107589705198,nan,nan,nan,6.950061639564034,0.20446829727494326,0.14579107589705198,.//cost_matrices//cost_matrix_sep.json,.//cost_matrices//quota_matrix_sep.json,sim_input.json
6,0,1,61,0,26,198.0,12.399999999999995,0.8149467317850502,0.7491458219252832,0.7066902431366302,6.279284612574266,0.22353123135182276,0.15848688078953202,nan,nan,nan,6.279284612574266,0.22353123135182276,0.15848688078953202,.//cost_matrices//cost_matrix_sep.json,.//cost_matrices//quota_matrix_sep.json,sim_input.json
6,0,1,61,0,27,195.0,14.849999999999998,0.8359823153065624,0.7731247530517606,0.6986374300543338,6.409230026594723,0.20853717868802396,0.1450407268891106,nan,nan,nan,6.409230026594723,0.20853717868802396,0.1450407268891106,.//cost_matrices//cost_matrix_sep.json,.//cost_matrices//quota_matrix_sep.json,sim_input.json
6,0,1,61,0,28,201.0,12.3,0.8177247135267047,0.7020772712514931,0.7034433867208132,6.3485095444592075,0.22499638822427218,0.1510591762987945,nan,nan,nan,6.3485095444592075,0.22499638822427218,0.1510591762987945,.//cost_matrices//cost_matrix_sep.json,.//cost_matrices//quota_matrix_sep.json,sim_input.json
6,0,1,61,0,29,195.0,15.01428571428571,0.774983580701964,0.6625021334684003,0.7075876678825462,6.759768649993828,0.214001620238695,0.15572721975813078,nan,nan,nan,6.759768649993828,0.214001620238695,0.15572721975813078,.//cost_matrices//cost_matrix_sep.json,.//cost_matrices//quota_matrix_sep.json,sim_input.json
6,0,1,61,0,30,193.0,16.85,0.747549984097504,0.653480522373454,0.6693119834567118,6.773502054238887,0.23648522875860553,0.17098498357428837,nan,nan,nan,6.773502054238887,0.23648522875860553,0.17098498357428837,.//cost_matrices//cost_matrix_sep.json,.//cost_matrices//quota_matrix_sep.json,sim_input.json
6,0,1,61,0,31,195.0,12.750000000000002,0.8046979785400094,0.7328121834267574,0.7083935511114154,6.297537307219984,0.20304335626810027,0.14330587113988028,nan,nan,nan,6.297537307219984,0.20304335626810027,0.14330587113988028,.//cost_matrices//cost_matrix_sep.json,.//cost_matrices//quota_matrix_sep.json,sim_input.json
6,0,1,61,0,32,214.0,11.57142857142857,0.7466524638465044,0.6585862394685924,0.7503932101743473,6.5582695235455,0.2547893521244577,0.1746601796303044,nan,nan,nan,6.5582695235455,0.2547893521244577,0.1746601796303044,.//cost_matrices//cost_matrix_sep.json,.//cost_matrices//quota_matrix_sep.json,sim_input.json
6,0,1,61,0,33,199.0,14.45,0.8337859973504695,0.7660203232530858,0.6834573132108607,6.692209935792778,0.20830935582226387,0.1462787911412614,nan,nan,nan,6.692209935792778,0.20830935582226387,0.1462787911412614,.//cost_matrices//cost_matrix_sep.json,.//cost_matrices//quota_matrix_sep.json,sim_input.json
6,0,1,61,0,34,203.0,14.350000000000007,0.748652123515468,0.6014637788611428,0.7176995840432966,6.811374367881531,0.21798195516820512,0.15638016323444703,nan,nan,nan,6.811374367881531,0.21798195516820512,0.15638016323444703,.//cost_matrices//cost_matrix_sep.json,.//cost_matrices//quota_matrix_sep.json,sim_input.json
6,0,1,61,0,35,199.0,14.600000000000007,0.7551309134311146,0.628060693189761,0.6916019738044132,6.801354161876561,0.2559781065021143,0.1804942320326671,nan,nan,nan,6.801354161876561,0.2559781065021143,0.1804942320326671,.//cost_matrices//cost_matrix_sep.json,.//cost_matrices//quota_matrix_sep.json,sim_input.json
6,0,1,61,0,36,199.0,15.864285714285717,0.7391416426190026,0.6534347229400341,0.7101198667704612,6.6737806121171985,0.23860939986489854,0.17224969019381206,nan,nan,nan,6.6737806121171985,0.23860939986489854,0.17224969019381206,.//cost_matrices//cost_matrix_sep.json,.//cost_matrices//quota_matrix_sep.json,sim_input.json
6,0,1,61,0,37,214.0,12.785714285714286,0.8213058654607178,0.7356931902412012,0.7512122423793867,6.481440433152223,0.19443167098096506,0.13315931182614063,nan,nan,nan,6.481440433152223,0.19443167098096506,0.13315931182614063,.//cost_matrices//cost_matrix_sep.json,.//cost_matrices//quota_matrix_sep.json,sim_input.json
6,0,1,61,0,38,199.0,13.37857142857142,0.8374143857407361,0.7641139546660696,0.7050240661286409,6.639004042111438,0.22972410448881309,0.1603709007799552,nan,nan,nan,6.639004042111438,0.22972410448881309,0.1603709007799552,.//cost_matrices//cost_matrix_sep.json,.//cost_matrices//quota_matrix_sep.json,sim_input.json
6,0,1,61,0,39,194.0,14.199999999999994,0.8221268952796268,0.7662065363960183,0.7025327353554037,6.638613282689517,0.20666056523702409,0.1349191120728387,nan,nan,nan,6.638613282689517,0.20666056523702409,0.1349191120728387,.//cost_matrices//cost_matrix_sep.json,.//cost_matrices//quota_matrix_sep.json,sim_input.json
6,0,1,61,10,0,208.0,16.48571428571429,0.7599195105358038,0.6898160541920944,0.7216663422879053,6.926867365499127,0.24314040937045436,0.17484680758060836,8.205478530427,0.027111872194700907,0.027111872194700907,6.810629986869318,0.2548401212729259,0.18468807383856894,.//cost_matrices//cost_matrix_sep.json,.//cost_matrices//quota_matrix_sep.json,sim_input.json
6,0,1,61,10,1,195.0,18.999999999999996,0.7190830352242685,0.5908462648551315,0.6670886981661123,6.960859305056808,0.2430964193064124,0.17770432382913,5.475756997645508,0.02637615083572206,0.02637615083572206,7.095868605730565,0.24973582755985735,0.18325209095039022,.//cost_matrices//cost_matrix_sep.json,.//cost_matrices//quota_matrix_sep.json,sim_input.json
6,0,1,61,10,2,205.0,16.489285714285707,0.7500463277761574,0.6813349299555541,0.7188618026254886,6.823130152474257,0.21308382959868652,0.14555728268011417,9.900664770491963,0.14947463235882807,0.14947463235882807,6.543354278109012,0.20477943059260612,0.14282123114235917,.//cost_matrices//cost_matrix_sep.json,.//cost_matrices//quota_matrix_sep.json,sim_input.json
6,0,1,61,10,3,203.0,18.535714285714285,0.7446724811554377,0.66681209841449,0.7022698130105917,7.119740830608005,0.2689497046166648,0.19886588066508706,9.442242735644376,0.0,0.0,7.018762486910772,0.2737017626424033,0.20091822035686652,.//cost_matrices//cost_matrix_sep.json,.//cost_matrices//quota_matrix_sep.json,sim_input.json
6,0,1,61,10,4,208.0,16.349999999999998,0.7531860467441297,0.6514751929541838,0.7092214924248147,6.86366819642313,0.21000208398183337,0.150428220191514,9.126647634110409,0.07530629828159896,0.056099874537575006,6.411072308885674,0.21432017436805476,0.14939015391207966,.//cost_matrices//cost_matrix_sep.json,.//cost_matrices//quota_matrix_sep.json,sim_input.json
6,0,1,61,10,5,203.0,14.05714285714286,0.7979213634090793,0.7175841558056539,0.7135523338016728,6.683161766285134,0.24149247883859384,0.1759989385896488,6.439375268941919,0.23280831316037703,0.20848271856378972,6.717988408762737,0.2350349618741692,0.1730320223053881,.//cost_matrices//cost_matrix_sep.json,.//cost_matrices//quota_matrix_sep.json,sim_input.json
6,0,1,61,10,6,208.0,14.785714285714286,0.7647241721289549,0.6790764522365054,0.7495923470975746,7.020089188039002,0.165224111481594,0.12141987403669657,7.944894571478388,0.021000407321200926,0.015641156012894453,6.835128111351123,0.18240286274422993,0.13476344652818378,.//cost_matrices//cost_matrix_sep.json,.//cost_matrices//quota_matrix_sep.json,sim_input.json
6,0,1,61,10,7,196.0,16.65,0.7422186573871702,0.6654617348765275,0.6914207443206974,6.627138279621498,0.23889052227515548,0.17343722665549596,7.292903322268869,0.17744240104671932,0.15784598657541285,6.532028987814731,0.24157229421778573,0.17207550157089746,.//cost_matrices//cost_matrix_sep.json,.//cost_matrices//quota_matrix_sep.json,sim_input.json
6,0,1,61,10,8,196.0,16.35,0.7599559414484445,0.635011924492914,0.693021410399033,6.6565652663536055,0.21103191351727202,0.1574694028611217,9.243907450110495,0.045071045953900865,0.03618522415407002,6.286944954388335,0.21246124440566533,0.15483340823620548,.//cost_matrices//cost_matrix_sep.json,.//cost_matrices//quota_matrix_sep.json,sim_input.json
6,0,1,61,10,9,192.0,17.207142857142852,0.7675644383938359,0.6906848714254731,0.6724032455032285,6.81618369710213,0.2702466233842247,0.2019442002705206,7.925106057262689,0.1920232827976196,0.1920232827976196,6.715372573451171,0.2714738940971675,0.2002791207316985,.//cost_matrices//cost_matrix_sep.json,.//cost_matrices//quota_matrix_sep.json,sim_input.json
6,0,1,61,10,10,211.0,11.521428571428569,0.7179475635983071,0.5975574051474486,0.7590050329704309,6.609677272872449,0.20097781107566665,0.13747449677507223,7.791597831672395,0.0,0.0,6.5582894224898425,0.20624459049737276,0.1408282320861194,.//cost_matrices//cost_matrix_sep.json,.//cost_matrices//quota_matrix_sep.json,sim_input.json
6,0,1,61,10,11,199.0,13.549999999999999,0.8077164894217793,0.6861257512750581,0.6978786543956191,6.486239755128669,0.21800563789936023,0.15373837130421864,7.740695394039398,0.012255714419314499,0.012255714419314499,6.372198333409513,0.22745084838326146,0.1604039560383593,.//cost_matrices//cost_matrix_sep.json,.//cost_matrices//quota_matrix_sep.json,sim_input.json
6,0,1,61,10,12,202.0,14.014285714285716,0.7954835726012773,0.7231138535664473,0.7011013433795917,6.60209891270446,0.22296313169892393,0.1564735722041436,9.237611079289357,0.08345971997832105,0.06703339076007596,6.225597174620904,0.22257993573618165,0.1501720383337463,.//cost_matrices//cost_matrix_sep.json,.//cost_matrices//quota_matrix_sep.json,sim_input.json
6,0,1,61,10,13,205.0,16.700000000000003,0.7583735106914914,0.667858471297071,0.7351508421703028,6.7778999224490795,0.1905579929949392,0.13063084741970046,nan,nan,nan,6.7778999224490795,0.1905579929949392,0.13063084741970046,.//cost_matrices//cost_matrix_sep.json,.//cost_matrices//quota_matrix_sep.json,sim_input.json
6,0,1,61,10,14,191.0,14.007142857142851,0.7433230883471056,0.6442983523301763,0.6841027501398943,6.2329199780241,0.21784808690782545,0.1506855201978771,6.660119501161692,0.19807691602973174,0.18009350688242273,6.17189147471873,0.21662364749712762,0.1475646384933074,.//cost_matrices//cost_matrix_sep.json,.//cost_matrices//quota_matrix_sep.json,sim_input.json
6,0,1,61,10,15,190.0,14.835714285714278,0.6908885880947817,0.6095617112606141,0.7016821759945826,6.566453572240754,0.20414488810238965,0.1406936509532698,6.787583017395889,0.009316747356847727,0.009316747356847727,6.5463508954084695,0.21478613656055381,0.15195269702177577,.//cost_matrices//cost_matrix_sep.json,.//cost_matrices//quota_matrix_sep.json,sim_input.json
6,0,1,61,10,16,195.0,17.67857142857143,0.8329597091583625,0.7731176044307361,0.6719612502241842,6.857433216385175,0.2061889343022381,0.1490237880278193,7.979667242174855,0.03252969448741453,0.027558361022160877,6.6329864112272405,0.22261549231996441,0.16457695796296326,.//cost_matrices//cost_matrix_sep.json,.//cost_matrices//quota_matrix_sep.json,sim_input.json
6,0,1,61,10,17,198.0,15.378571428571428,0.8138665593769489,0.7503277153450778,0.7166075512262737,6.573465177555914,0.23059360144451704,0.16511715247311795,6.946414834318819,0.02218687133033,0.02218687133033,6.539560663304741,0.24167591074674544,0.17776243671683256,.//cost_matrices//cost_matrix_sep.json,.//cost_matrices//quota_matrix_sep.json,sim_input.json
6,0,1,61,10,18,215.0,12.92857142857143,0.8052136020223579,0.7283901879497616,0.7438688442820183,6.722202845513185,0.20778733839992303,0.14400103119786048,10.711173084437101,0.0,0.0,6.548769356864318,0.20284575296507662,0.14157542839784168,.//cost_matrices//cost_matrix_sep.json,.//cost_matrices//quota_matrix_sep.json,sim_input.json
6,0,1,61,10,19,208.0,14.707142857142859,0.7892896797355071,0.7251018203499694,0.7251167351220644,6.896262911604919,0.1991467830948196,0.14180612594764383,8.158684184386066,0.13487131885723044,0.11486955399772798,6.7159170154933285,0.20212526610219678,0.1399703755902071,.//cost_matrices//cost_matrix_sep.json,.//cost_matrices//quota_matrix_sep.json,sim_input.json
6,0,1,61,10,20,195.0,15.449999999999998,0.7866209393737457,0.7082469172511419,0.6923397230449003,6.6827810262272935,0.21715145738148234,0.15427521394957816,4.823971708574546,0.0,0.0,6.763598822646981,0.21792391372007078,0.15334455110221998,.//cost_matrices//cost_matrix_sep.json,.//cost_matrices//quota_matrix_sep.json,sim_input.json
6,0,1,61,10,21,198.0,19.41428571428571,0.8029985056955062,0.726106253444913,0.6590672640138227,7.191713451318716,0.2587189774614228,0.19182899260742367,8.468738634180486,0.16849500408715487,0.11655890251784726,6.936308414746361,0.26986152579140127,0.2002200530060867,.//cost_matrices//cost_matrix_sep.json,.//cost_matrices//quota_matrix_sep.json,sim_input.json
6,0,1,61,10,22,204.0,12.900000000000002,0.7984974905389035,0.6695343057688184,0.711608710526608,6.430441717710182,0.17783123562461034,0.1290748725501742,6.399532560437156,0.11700531141307523,0.10393264302548443,6.436623549164788,0.18341045489243402,0.13373819673849494,.//cost_matrices//cost_matrix_sep.json,.//cost_matrices//quota_matrix_sep.json,sim_input.json
6,0,1,61,10,23,203.0,11.614285714285721,0.7841238771861838,0.6726663900393606,0.726608123137899,6.418924202738837,0.2201876525141036,0.14823354384496007,7.64697142270401,0.138460211191923,0.1310629897047167,6.243488885600955,0.22495660868491393,0.15329628109341703,.//cost_matrices//cost_matrix_sep.json,.//cost_matrices//quota_matrix_sep.json,sim_input.json
6,0,1,61,10,24,205.0,15.635714285714284,0.7996641769443454,0.732586901118317,0.710408935717079,6.78206091926716,0.21736860970940133,0.14809990196065262,6.612132985326525,0.28747818135372516,0.21797737161229966,6.806336338401534,0.2020320615915225,0.13838035461630882,.//cost_matrices//cost_matrix_sep.json,.//cost_matrices//quota_matrix_sep.json,sim_input.json
6,0,1,61,10,25,194.0,15.157142857142857,0.7635258473678983,0.6991628275762156,0.7057420416333271,6.591187672997023,0.2214069353391283,0.15813237067017952,7.459078265533634,0.0,0.0,6.553453299408475,0.22654294062501543,0.16253781030531933,.//cost_matrices//cost_matrix_sep.json,.//cost_matrices//quota_matrix_sep.json,sim_input.json
6,0,1,61,10,26,197.0,14.1,0.7292503344568562,0.637614874886732,0.689256763544279,6.507255542871701,0.2508154488154497,0.17922255082554192,8.392211652125651,0.05872851701535404,0.05872851701535404,6.335895896575889,0.260561257017589,0.1872804702493518,.//cost_matrices//cost_matrix_sep.json,.//cost_matrices//quota_matrix_sep.json,sim_input.json
6,0,1,61,10,27,208.0,16.407142857142862,0.7887955616092212,0.7111270461591983,0.7055219021659862,6.713529797522171,0.22127690750308518,0.15948451444704512,nan,nan,nan,6.713529797522171,0.22127690750308518,0.15948451444704512,.//cost_matrices//cost_matrix_sep.json,.//cost_matrices//quota_matrix_sep.json,sim_input.json
6,0,1,61,10,28,212.0,12.885714285714286,0.7912569686613612,0.7144255602836161,0.7351188688572051,6.622757227852122,0.20898514976208138,0.15038207701296485,10.049814410771186,0.02590507992388496,0.02590507992388496,6.31120657485948,0.20449016732779188,0.14544022051044173,.//cost_matrices//cost_matrix_sep.json,.//cost_matrices//quota_matrix_sep.json,sim_input.json
6,0,1,61,10,29,205.0,14.76428571428571,0.7718163845012035,0.707846446446635,0.7070911205851647,6.688862318964314,0.23131957112121176,0.16514952032326732,9.29384241340064,0.11341808293347724,0.10428716150983587,6.31672230547341,0.2307922663774269,0.16515300401261526,.//cost_matrices//cost_matrix_sep.json,.//cost_matrices//quota_matrix_sep.json,sim_input.json
6,0,1,61,10,30,202.0,15.050000000000004,0.757547649525822,0.649062311542685,0.7390553278323001,6.6395773987321185,0.17205423724677107,0.12126843405038212,nan,nan,nan,6.6395773987321185,0.17205423724677107,0.12126843405038212,.//cost_matrices//cost_matrix_sep.json,.//cost_matrices//quota_matrix_sep.json,sim_input.json
6,0,1,61,10,31,204.0,16.3,0.7543491612899976,0.6985331811895451,0.7181851682449208,6.682804259115187,0.21919536150131283,0.15439733451398657,nan,nan,nan,6.682804259115187,0.21919536150131283,0.15439733451398657,.//cost_matrices//cost_matrix_sep.json,.//cost_matrices//quota_matrix_sep.json,sim_input.json
6,0,1,61,10,32,196.0,16.10000000000001,0.7999583762430025,0.7129123383968048,0.6831230606361235,6.714813870546845,0.2344221343882452,0.1702972730865477,nan,nan,nan,6.714813870546845,0.2344221343882452,0.1702972730865477,.//cost_matrices//cost_matrix_sep.json,.//cost_matrices//quota_matrix_sep.json,sim_input.json
6,0,1,61,10,33,210.0,17.349999999999998,0.7675196482781872,0.6967998584360782,0.7416315199211148,7.160087307737197,0.192265852526399,0.14258598127363728,7.151288997714296,0.21030287015666788,0.1675647235908661,7.161846969741779,0.18376228151112112,0.13767130736768493,.//cost_matrices//cost_matrix_sep.json,.//cost_matrices//quota_matrix_sep.json,sim_input.json
6,0,1,61,10,34,188.0,15.450000000000003,0.8008241697924356,0.7317243321859628,0.6550994269504059,6.51796724088772,0.24325682134143362,0.1803428500195536,9.183114480485264,0.07735120339539014,0.07735120339539014,6.275681128197033,0.24711612931026858,0.18084749107438558,.//cost_matrices//cost_matrix_sep.json,.//cost_matrices//quota_matrix_sep.json,sim_input.json
6,0,1,61,10,35,199.0,14.0,0.8191837861215403,0.7681404189738431,0.7031308303694614,6.411750971783128,0.21863648698201832,0.1548501114235556,12.76497149132113,0.0,0.0,6.1355239926727805,0.20097696042578647,0.1387011234427922,.//cost_matrices//cost_matrix_sep.json,.//cost_matrices//quota_matrix_sep.json,sim_input.json
6,0,1,61,10,36,206.0,12.457142857142856,0.7387805133298414,0.6336399215629294,0.7338555758031422,6.631839754424109,0.19957866042986377,0.13655100997697817,6.5318089683073906,0.09486543772219515,0.09486543772219515,6.640933462252904,0.20642863472975498,0.14040282202241847,.//cost_matrices//cost_matrix_sep.json,.//cost_matrices//quota_matrix_sep.json,sim_input.json
6,0,1,61,10,37,198.0,15.064285714285711,0.7870935643142836,0.6803800144850607,0.6963515689214922,6.643492033981175,0.20751844955237445,0.15163299397208813,7.399489374909561,0.09470121861960278,0.08286951311940137,6.535492413848549,0.21697740044084474,0.15645972960812757,.//cost_matrices//cost_matrix_sep.json,.//cost_matrices//quota_matrix_sep.json,sim_input.json
6,0,1,61,10,38,207.0,16.53571428571429,0.7439417134763714,0.6760661317403837,0.7155645614868816,6.926787550016158,0.23060653179545165,0.16993990799247635,8.419048583608411,0.06905713221222624,0.06905713221222624,6.791127456053226,0.24095273876212225,0.17910429637097156,.//cost_matrices//cost_matrix_sep.json,.//cost_matrices//quota_matrix_sep.json,sim_input.json
6,0,1,61,10,39,194.0,18.464285714285715,0.8034923588459082,0.7374282278379934,0.6814864418893173,6.885505976164755,0.2264225499850587,0.15689411757146982,6.340042116141433,0.22534202218928276,0.22454589894986604,6.963429384739515,0.21650198786764624,0.15182490233191936,.//cost_matrices//cost_matrix_sep.json,.//cost_matrices//quota_matrix_sep.json,sim_input.json
6,0,1,61,25,0,196.0,18.692857142857147,0.7951075524443394,0.7361714599648712,0.6927355035352614,7.1090636814149795,0.21259574954994304,0.16050732971246331,6.973634649672716,0.15796836026875563,0.13826863377048368,7.144702900294522,0.21269928532175744,0.16810976051629697,.//cost_matrices//cost_matrix_sep.json,.//cost_matrices//quota_matrix_sep.json,sim_input.json
6,0,1,61,25,1,202.0,17.071428571428573,0.7819248387632464,0.6817235635326319,0.6926020454939588,6.9802069422640045,0.1834263998481279,0.13482697538400235,8.824488774923108,0.06526239781777571,0.055418782043565706,6.058066025934451,0.19769800450047345,0.14041291747946913,.//cost_matrices//cost_matrix_sep.json,.//cost_matrices//quota_matrix_sep.json,sim_input.json
6,0,1,61,25,2,200.0,15.539285714285711,0.7467861452553777,0.6752933542618575,0.7245948122598371,6.936026215613741,0.21470449586929993,0.14815235906920504,6.940372244317816,0.11549796865417492,0.08997112216389216,6.933853201261703,0.2525791178206571,0.17719197981776777,.//cost_matrices//cost_matrix_sep.json,.//cost_matrices//quota_matrix_sep.json,sim_input.json
6,0,1,61,25,3,203.0,17.992857142857144,0.7790474738258496,0.6990306758828825,0.6834032674003561,7.029666200961555,0.21159958297671197,0.15145883504316626,8.155722609025371,0.19740018089014086,0.1378173527922324,6.5659959152882195,0.19521345954001637,0.13500798611829726,.//cost_matrices//cost_matrix_sep.json,.//cost_matrices//quota_matrix_sep.json,sim_input.json
6,0,1,61,25,4,202.0,19.91428571428572,0.7487878831719804,0.6509641970208486,0.6853039582570655,7.445385386019947,0.2285806301337337,0.17004294746116785,8.067730057451461,0.0921424060325847,0.07031040104223817,7.189125815430499,0.26638481957718946,0.2032478428718912,.//cost_matrices//cost_matrix_sep.json,.//cost_matrices//quota_matrix_sep.json,sim_input.json
6,0,1,61,25,5,201.0,16.635714285714286,0.7725442501935541,0.6915340285031805,0.7062056081748131,6.982523993421519,0.22478395735201823,0.1693389382029045,9.551077139869138,0.07570696995090086,0.06023561460814433,6.615587829643287,0.23110370172296113,0.17290074866512603,.//cost_matrices//cost_matrix_sep.json,.//cost_matrices//quota_matrix_sep.json,sim_input.json
6,0,1,61,25,6,215.0,15.164285714285713,0.6894382952977377,0.5898845350258954,0.7292616877434919,6.8466618008566025,0.21764622204139358,0.16798671341543908,9.027148329820255,0.0680195649688553,0.05363080125817655,6.272849556392484,0.23612369069503691,0.18345926226501952,.//cost_matrices//cost_matrix_sep.json,.//cost_matrices//quota_matrix_sep.json,sim_input.json
6,0,1,61,25,7,200.0,16.700000000000003,0.7972430220360784,0.7321976901198616,0.7139081626692615,6.952848826834695,0.17941438535696927,0.12657816962889545,7.0591412940048315,0.05967467952319654,0.04409716367592831,6.924877124947817,0.20149051378848923,0.1473864493425208,.//cost_matrices//cost_matrix_sep.json,.//cost_matrices//quota_matrix_sep.json,sim_input.json
6,0,1,61,25,8,202.0,18.8,0.7885136714292857,0.7055629938492262,0.6767389457697637,7.135029836015661,0.2297345218179172,0.17385760448288867,8.755336663293612,0.07073785793668355,0.051453148381069944,6.7086333025214655,0.25109013040338585,0.18653326067966927,.//cost_matrices//cost_matrix_sep.json,.//cost_matrices//quota_matrix_sep.json,sim_input.json
6,0,1,61,25,9,197.0,20.98571428571428,0.7656450024253727,0.7061430298811894,0.6894597381928752,7.4534544335021025,0.22559029775595738,0.1680691373718278,7.885708616443251,0.1587391354841457,0.12098706541068353,7.275467416996923,0.2462216109088376,0.1866541166872389,.//cost_matrices//cost_matrix_sep.json,.//cost_matrices//quota_matrix_sep.json,sim_input.json
6,0,1,61,25,10,196.0,16.97857142857143,0.7360328138661637,0.6327554663590702,0.7166204408669051,7.0466529371473925,0.18776724028809003,0.13650873171023736,7.517394437719273,0.036884325385613,0.036884325385613,7.003858255277222,0.1959375956451171,0.1453963516763096,.//cost_matrices//cost_matrix_sep.json,.//cost_matrices//quota_matrix_sep.json,sim_input.json
6,0,1,61,25,11,201.0,17.700000000000003,0.8018758645189461,0.7220167715890465,0.7001339848525023,7.0460467901825785,0.21514109544682614,0.1484573329195289,6.875472619989755,0.1573335093054607,0.13763995131498605,7.090934729707007,0.2179730269768245,0.15428272554555147,.//cost_matrices//cost_matrix_sep.json,.//cost_matrices//quota_matrix_sep.json,sim_input.json
6,0,1,61,25,12,194.0,20.28571428571429,0.8178765718387644,0.7503459997072556,0.6767668893431871,7.024096882310501,0.21187504881109817,0.15469868412438648,7.128027097472072,0.11529137351245931,0.08383068512764064,6.989453477256644,0.23312644451585873,0.1782389707917186,.//cost_matrices//cost_matrix_sep.json,.//cost_matrices//quota_matrix_sep.json,sim_input.json
6,0,1,61,25,13,200.0,15.628571428571433,0.7595685495395198,0.6722148553963035,0.7074882518758521,6.899546858189592,0.2176265832912317,0.1546950512514611,7.201842111768061,0.15719199229632017,0.12224778495669084,6.819995475668944,0.2297984490473352,0.16272961617431725,.//cost_matrices//cost_matrix_sep.json,.//cost_matrices//quota_matrix_sep.json,sim_input.json
6,0,1,61,25,14,202.0,19.40714285714286,0.7930959765054285,0.7318560054838444,0.7098274169928206,7.227314014638201,0.19774473255091293,0.14751035028813703,7.895824880364683,0.14358361389757346,0.10888048629953,6.952044834633178,0.20609524711691507,0.15135246481675801,.//cost_matrices//cost_matrix_sep.json,.//cost_matrices//quota_matrix_sep.json,sim_input.json
6,0,1,61,25,15,201.0,19.607142857142865,0.7116593745043968,0.6206412273054241,0.6780349407106859,7.1057545135609566,0.20484799553929986,0.1545751798010203,8.572943729226886,0.12021663848421756,0.07655584766062852,6.057762216656722,0.21506882142883185,0.15767279674372886,.//cost_matrices//cost_matrix_sep.json,.//cost_matrices//quota_matrix_sep.json,sim_input.json
6,0,1,61,25,16,205.0,20.442857142857143,0.8182715507888606,0.7533488775909027,0.7214839460788898,7.3363744062903855,0.20487475187704274,0.15165075772878447,7.867354906949707,0.17765684116163782,0.14625220871734612,7.159380906070613,0.2014584970022147,0.14676102942039218,.//cost_matrices//cost_matrix_sep.json,.//cost_matrices//quota_matrix_sep.json,sim_input.json
6,0,1,61,25,17,204.0,14.50714285714286,0.7515482267395948,0.6375889238291678,0.6924996623278822,6.705859866621867,0.21355373672041708,0.14070108315140165,7.551550646371683,0.11674792337903346,0.10055200673718512,6.357634251430768,0.24073916073313634,0.15893555365645112,.//cost_matrices//cost_matrix_sep.json,.//cost_matrices//quota_matrix_sep.json,sim_input.json
6,0,1,61,25,18,192.0,19.685714285714283,0.7753940780800415,0.6954416937460595,0.6592925364150513,7.198640005718832,0.1950115311956366,0.13355830997794346,8.274574039396967,0.11918437805159297,0.08039952504775563,6.755608344792541,0.21334836318079847,0.1490936955049703,.//cost_matrices//cost_matrix_sep.json,.//cost_matrices//quota_matrix_sep.json,sim_input.json
6,0,1,61,25,19,192.0,18.957142857142856,0.815045608410452,0.7452714409515949,0.6824882705631136,7.090657708746785,0.22452008859163425,0.15650088201378762,7.1215457299537075,0.23568894643295432,0.16674345615113859,7.07212489602263,0.20386774538579588,0.14943887716480306,.//cost_matrices//cost_matrix_sep.json,.//cost_matrices//quota_matrix_sep.json,sim_input.json
6,0,1,61,25,20,197.0,20.45,0.7662975128043708,0.6910203957063997,0.6808784833961798,7.446136709924268,0.16707021470433278,0.12481816131415366,8.783513585255426,0.07932166803600829,0.05447878369957627,6.314510123105595,0.20108074589561084,0.1468549006698903,.//cost_matrices//cost_matrix_sep.json,.//cost_matrices//quota_matrix_sep.json,sim_input.json
6,0,1,61,25,21,205.0,15.550000000000002,0.7422889559033928,0.6416211433075448,0.7343303447101719,6.886048510614643,0.17363900430095414,0.11727446536740317,7.11513238548251,0.04446974405163115,0.038277526823405655,6.840231735641067,0.19336809372020905,0.13337390478188876,.//cost_matrices//cost_matrix_sep.json,.//cost_matrices//quota_matrix_sep.json,sim_input.json
6,0,1,61,25,22,201.0,14.585714285714287,0.7938593210836902,0.7285812357490569,0.6950678821246018,6.604385012013965,0.18600789402057347,0.13497128230733155,7.882888657947357,0.02248275595843792,0.021362889497686142,6.421741634023481,0.1953264153233834,0.1396791245664702,.//cost_matrices//cost_matrix_sep.json,.//cost_matrices//quota_matrix_sep.json,sim_input.json
6,0,1,61,25,23,192.0,16.949999999999996,0.7850586815114957,0.6671566500397427,0.6844698316447108,6.793803608826217,0.15035444694379688,0.10855273372918565,7.084489872599751,0.13841445511006528,0.12241524852236453,6.696908187568372,0.14951236124042916,0.10374244436961373,.//cost_matrices//cost_matrix_sep.json,.//cost_matrices//quota_matrix_sep.json,sim_input.json
6,0,1,61,25,24,203.0,15.857142857142856,0.7965159880713796,0.7192372518853295,0.7285716919256472,6.783189100471564,0.19667206218536387,0.14027964215101124,6.485687507255063,0.19488949519419335,0.16202810030796194,6.861478993423274,0.19218864266627,0.13691161824125114,.//cost_matrices//cost_matrix_sep.json,.//cost_matrices//quota_matrix_sep.json,sim_input.json
6,0,1,61,25,25,206.0,17.778571428571432,0.7228860112096752,0.6175161831165968,0.6910789129821111,7.1682256147151335,0.24769088471448786,0.18075298088868955,11.05170587050272,0.08104822956686514,0.07242189683267986,6.146257126349979,0.2298256002847489,0.158958130628439,.//cost_matrices//cost_matrix_sep.json,.//cost_matrices//quota_matrix_sep.json,sim_input.json
6,0,1,61,25,26,202.0,17.514285714285716,0.803261361838227,0.7296512946146849,0.6989757912572976,6.817678070116891,0.18643817801115606,0.1338499691307777,7.469495451728011,0.19443827450555823,0.13703452248873957,6.549282677688781,0.16595695214143774,0.11981017439745789,.//cost_matrices//cost_matrix_sep.json,.//cost_matrices//quota_matrix_sep.json,sim_input.json
6,0,1,61,25,27,204.0,16.035714285714278,0.7312615628289169,0.6626407202084139,0.7013479742788857,6.898009665688785,0.24397990153608634,0.1772477788506647,8.418247436859772,0.14646406879377402,0.10363468110720775,6.4979470943279996,0.25901644752229125,0.18932553475895683,.//cost_matrices//cost_matrix_sep.json,.//cost_matrices//quota_matrix_sep.json,sim_input.json
6,0,1,61,25,28,193.0,21.10714285714286,0.7533574675118725,0.6924264770881584,0.6869336735621495,7.506289260017304,0.22799262341496748,0.16488902903695749,7.538625682234711,0.19191893990201428,0.13789299548298334,7.486887406686861,0.24272055908922804,0.18079546953465842,.//cost_matrices//cost_matrix_sep.json,.//cost_matrices//quota_matrix_sep.json,sim_input.json
6,0,1,61,25,29,208.0,15.771428571428569,0.7829749020620883,0.6829585756290539,0.6994512940377875,6.901152962986425,0.27632066207880696,0.1937560003913342,6.914821807678005,0.213548553518245,0.17253230507349065,6.89841919404811,0.28096841265183886,0.1978919455637861,.//cost_matrices//cost_matrix_sep.json,.//cost_matrices//quota_matrix_sep.json,sim_input.json
6,0,1,61,25,30,197.0,15.728571428571431,0.7653280898409086,0.6592795563658083,0.677733031263451,6.767146140611199,0.22473130698076604,0.16469478226559323,7.008116694886151,0.12743033485844782,0.11520177647486575,6.686822622519549,0.247899548067643,0.17998310969350148,.//cost_matrices//cost_matrix_sep.json,.//cost_matrices//quota_matrix_sep.json,sim_input.json
6,0,1,61,25,31,219.0,11.150000000000006,0.7636523777309553,0.6272966429413039,0.7621740677909076,6.548880976594188,0.18653143949246265,0.12617179872025275,8.585383506268379,0.14431563104439168,0.13328203840582722,6.012959258258874,0.1729364601753744,0.12312670111310758,.//cost_matrices//cost_matrix_sep.json,.//cost_matrices//quota_matrix_sep.json,sim_input.json
6,0,1,61,25,32,196.0,21.507142857142856,0.7469670752694578,0.6681227626869453,0.6785325984415077,7.2926865213827385,0.2171074519823415,0.15331958570268664,8.158807177566821,0.13153299520875816,0.09434046289036818,6.773014127672286,0.24799380123549064,0.17084522908437128,.//cost_matrices//cost_matrix_sep.json,.//cost_matrices//quota_matrix_sep.json,sim_input.json
6,0,1,61,25,33,208.0,15.464285714285712,0.7764018847280137,0.6898684806653622,0.7228502491299337,6.554899181217181,0.22426087849620902,0.15702970186334214,10.800377113086135,0.09165315959334822,0.0693045098289321,5.705803594843389,0.18352651747094167,0.12500087142131466,.//cost_matrices//cost_matrix_sep.json,.//cost_matrices//quota_matrix_sep.json,sim_input.json
6,0,1,61,25,34,194.0,18.828571428571433,0.7969772068235554,0.7488312946382024,0.6649953086905365,6.979804462110677,0.22697231147102415,0.15448108980761807,6.088097851482485,0.1845763715076336,0.1515960237463271,7.214464096486517,0.22961496597774012,0.1569085789423073,.//cost_matrices//cost_matrix_sep.json,.//cost_matrices//quota_matrix_sep.json,sim_input.json
6,0,1,61,25,35,188.0,22.149999999999995,0.7497951439196278,0.6762001286725641,0.6472260009619726,7.565073735080148,0.2672590331491682,0.19329925655386573,8.242723116936812,0.0835897765665581,0.06567808722363955,7.286041636668579,0.31614396385002674,0.24372883752118538,.//cost_matrices//cost_matrix_sep.json,.//cost_matrices//quota_matrix_sep.json,sim_input.json
6,0,1,61,25,36,201.0,18.857142857142854,0.6984925770193925,0.6279925138591558,0.7034734565113276,7.124689131129727,0.22858416070151885,0.1609705816075363,7.892891449577853,0.14405380730408493,0.11135692137498485,6.9225306262749555,0.24528755572845962,0.16787043501993493,.//cost_matrices//cost_matrix_sep.json,.//cost_matrices//quota_matrix_sep.json,sim_input.json
6,0,1,61,25,37,193.0,19.857142857142858,0.752234662223005,0.6779337196998703,0.6767829116624536,7.196944650093122,0.23547455410573256,0.16050442769797194,6.188743554909229,0.1487695238164249,0.11515384346474783,7.612086277521782,0.24997307668527444,0.1830996944213322,.//cost_matrices//cost_matrix_sep.json,.//cost_matrices//quota_matrix_sep.json,sim_input.json
6,0,1,61,25,38,205.0,21.746428571428577,0.7831567885630873,0.7081102803549184,0.71535757705552,7.768452221673262,0.19392839748436735,0.13590135312415283,8.492095932358986,0.16000608719686296,0.10248343276580443,7.33426599526183,0.19527588917230912,0.1416227689623693,.//cost_matrices//cost_matrix_sep.json,.//cost_matrices//quota_matrix_sep.json,sim_input.json
6,0,1,61,25,39,193.0,20.45,0.7636795588977716,0.6799269442071955,0.6522802157245746,7.344266337667086,0.23878466565202075,0.17435768486336867,7.880840332102539,0.07109538623745462,0.05342366424835306,7.267612909890592,0.25358023785945594,0.18960760006001967,.//cost_matrices//cost_matrix_sep.json,.//cost_matrices//quota_matrix_sep.json,sim_input.json
6,0,1,61,50,0,197.0,22.68571428571428,0.7747807316818766,0.7110580023695356,0.6589727914543617,7.502449685157745,0.21108157037168432,0.15761742597376574,8.250157460543804,0.16636440676378383,0.11873842226940849,6.455658799617259,0.2379697703393049,0.17963199624565737,.//cost_matrices//cost_matrix_sep.json,.//cost_matrices//quota_matrix_sep.json,sim_input.json
6,0,1,61,50,1,201.0,16.59285714285715,0.7984026307354497,0.7455659147058498,0.7237763369082459,7.156327933484669,0.18054888662513693,0.13092118858672458,8.078633225471457,0.11576258643318328,0.08138017488858638,6.602944758292596,0.20514067722087362,0.15111392085717013,.//cost_matrices//cost_matrix_sep.json,.//cost_matrices//quota_matrix_sep.json,sim_input.json
6,0,1,61,50,2,195.0,22.707142857142856,0.7983444325583605,0.7251164328455253,0.6570201558944322,7.670687562628733,0.18424121029155305,0.13405525607960825,8.06288534991638,0.18893699298533023,0.13454906111268533,7.121610660426029,0.15491403907039727,0.11735659142267589,.//cost_matrices//cost_matrix_sep.json,.//cost_matrices//quota_matrix_sep.json,sim_input.json
6,0,1,61,50,3,201.0,16.414285714285718,0.7727588575733296,0.6900066743347718,0.7250182283016247,6.785627585888663,0.18768426902828086,0.14104553597552355,7.9461669148309415,0.14632061553591774,0.10013872496409609,5.956670922358463,0.1805156274559915,0.13610521503173242,.//cost_matrices//cost_matrix_sep.json,.//cost_matrices//quota_matrix_sep.json,sim_input.json
6,0,1,61,50,4,192.0,23.671428571428567,0.7539250342631877,0.6674438132664136,0.6621207104564336,7.6866316959680505,0.19438821453979382,0.1396005108429794,8.073559760373035,0.1818875363658214,0.12952027954364478,7.144932405801072,0.1885281638398528,0.13769943773481338,.//cost_matrices//cost_matrix_sep.json,.//cost_matrices//quota_matrix_sep.json,sim_input.json
6,0,1,61,50,5,207.0,18.214285714285715,0.7404880658896071,0.6510366184183262,0.7351072471065311,7.389662776118191,0.2085979766009071,0.13959296737915533,8.080333247840604,0.16887703782581842,0.11488881541781172,6.80524930004538,0.22217208623831372,0.14506850670464067,.//cost_matrices//cost_matrix_sep.json,.//cost_matrices//quota_matrix_sep.json,sim_input.json
6,0,1,61,50,6,196.0,22.121428571428563,0.7504898197683816,0.6748076957156622,0.6601800105976474,7.645826656040132,0.21278845842851404,0.15310257692637685,8.913042230426148,0.13363581679391243,0.09167103694408713,6.148208249947569,0.24220545135816215,0.17251580192029523,.//cost_matrices//cost_matrix_sep.json,.//cost_matrices//quota_matrix_sep.json,sim_input.json
6,0,1,61,50,7,197.0,24.421428571428574,0.7392512291078048,0.6532904412611976,0.6418859773966896,7.827985723810868,0.2215582264258083,0.15693981497343792,8.691298745929519,0.13341395424946384,0.08905772772843291,6.807706697670645,0.29028483921877024,0.21663246999591662,.//cost_matrices//cost_matrix_sep.json,.//cost_matrices//quota_matrix_sep.json,sim_input.json
6,0,1,61,50,8,191.0,29.682142857142857,0.721422947524849,0.6417301946031293,0.6065339793112254,8.360494638578025,0.19399072132743714,0.1339420231722403,8.7269446814511,0.15979816412610948,0.10856712645977043,6.5282444242126605,0.29514672834365585,0.22860851295414827,.//cost_matrices//cost_matrix_sep.json,.//cost_matrices//quota_matrix_sep.json,sim_input.json
6,0,1,61,50,9,197.0,22.835714285714282,0.7662770129349804,0.6988494945484917,0.6866061708323765,7.819051507171875,0.14837994860786854,0.10233504243487881,8.083602425706399,0.1560968990252679,0.1058239752098835,7.448680221223543,0.12289705847600949,0.08749495168649393,.//cost_matrices//cost_matrix_sep.json,.//cost_matrices//quota_matrix_sep.json,sim_input.json
6,0,1,61,50,10,197.0,27.928571428571427,0.7395435329017301,0.6668735204782387,0.6383218102725036,8.237262126569302,0.20086861069033027,0.1458761581977637,9.25649996072445,0.14704445443622655,0.09519964802763095,6.198786458259006,0.24137193850658034,0.17819157688716933,.//cost_matrices//cost_matrix_sep.json,.//cost_matrices//quota_matrix_sep.json,sim_input.json
6,0,1,61,50,11,192.0,18.85,0.7836694533266394,0.727239863255994,0.6837491006021201,7.196756952313483,0.18582775041395957,0.12928476953817256,7.1953342383462795,0.11326992194524865,0.08060079577313428,7.197773176575773,0.22386221504673603,0.1640472533843005,.//cost_matrices//cost_matrix_sep.json,.//cost_matrices//quota_matrix_sep.json,sim_input.json
6,0,1,61,50,12,198.0,18.842857142857156,0.7944509669152756,0.729753578544621,0.6877061206307097,7.092775309847014,0.1998373150152897,0.13550522543054994,7.113648515356473,0.13790872392819217,0.10042845954790819,7.0751133667236275,0.2363282375357212,0.16475368482713384,.//cost_matrices//cost_matrix_sep.json,.//cost_matrices//quota_matrix_sep.json,sim_input.json
6,0,1,61,50,13,197.0,23.817857142857143,0.7552944616059076,0.6785916461311858,0.6795980535680518,7.702214150355085,0.17394741212835185,0.12179646498495018,7.740125395809302,0.18316735948421942,0.12650441347889305,7.639028741264724,0.15133296176848013,0.1131108057793713,.//cost_matrices//cost_matrix_sep.json,.//cost_matrices//quota_matrix_sep.json,sim_input.json
6,0,1,61,50,14,199.0,18.707142857142863,0.7849348973607112,0.6992453749880599,0.6661867468486279,7.049445177935826,0.24225144508163984,0.16654171346787758,7.434529933411813,0.11010444216375773,0.08433208819228223,6.8183943246502325,0.30146844063152894,0.22115992544607488,.//cost_matrices//cost_matrix_sep.json,.//cost_matrices//quota_matrix_sep.json,sim_input.json
6,0,1,61,50,15,193.0,25.23571428571429,0.7569340329105962,0.6740730426091096,0.6777370869670821,8.014315066615096,0.2054470190398354,0.14498032847765016,7.447764727088549,0.16454171426385505,0.12407347759460045,8.418993880562628,0.21781605333458634,0.16398003173286518,.//cost_matrices//cost_matrix_sep.json,.//cost_matrices//quota_matrix_sep.json,sim_input.json
6,0,1,61,50,16,195.0,26.764285714285723,0.7241741135310925,0.646610820359832,0.6437696939174663,7.825678627376315,0.19348226801445842,0.13241107838878002,8.007442656786118,0.19062669868982532,0.1302089919731014,7.280386539146906,0.18987194801386653,0.14163210903919785,.//cost_matrices//cost_matrix_sep.json,.//cost_matrices//quota_matrix_sep.json,sim_input.json
6,0,1,61,50,17,195.0,21.914285714285715,0.7710256082233572,0.6795901202325016,0.6561058510697741,7.449992371239586,0.20523390090082969,0.1472175652521368,7.770500829521431,0.12535532418162013,0.08881048244638035,7.129483912957741,0.26548522239268757,0.206693979518323,.//cost_matrices//cost_matrix_sep.json,.//cost_matrices//quota_matrix_sep.json,sim_input.json
6,0,1,61,50,18,208.0,17.600000000000005,0.7953634791154371,0.715850290517697,0.7271084429413921,7.183938733508584,0.21353240127520268,0.15209251979191177,9.427462002272408,0.1108459021301843,0.08834544665474502,6.062177099126672,0.20447619359459454,0.13883237074616453,.//cost_matrices//cost_matrix_sep.json,.//cost_matrices//quota_matrix_sep.json,sim_input.json
6,0,1,61,50,19,199.0,24.060714285714287,0.7462483193460799,0.6585751826344342,0.6892250613443767,7.820140056563672,0.19828888673977554,0.1432534284197285,8.07648840261417,0.17052354540579717,0.12170704020104083,7.563791710513171,0.2172397475938042,0.15953517203667358,.//cost_matrices//cost_matrix_sep.json,.//cost_matrices//quota_matrix_sep.json,sim_input.json
6,0,1,61,50,20,205.0,20.739285714285714,0.7827557060330574,0.721472370423898,0.6970400678241856,7.442225488611331,0.21429090518895935,0.15583501651779405,9.064522924882574,0.17891583878441816,0.12910655884849015,6.069512273304895,0.16335585986347564,0.1150401095245414,.//cost_matrices//cost_matrix_sep.json,.//cost_matrices//quota_matrix_sep.json,sim_input.json
6,0,1,61,50,21,199.0,20.121428571428567,0.7317118049045096,0.6463086609902888,0.6774071609083293,7.421955005623083,0.22811234636742786,0.15769088254472513,7.985170941696646,0.1396129792258062,0.10512525962737247,6.945387675099299,0.2872833363794492,0.20402996173649074,.//cost_matrices//cost_matrix_sep.json,.//cost_matrices//quota_matrix_sep.json,sim_input.json
6,0,1,61,50,22,189.0,23.18571428571429,0.7709130047851965,0.70752855583985,0.6381191479448004,7.702749546707525,0.21676220831697732,0.1540298605885117,7.771941024857057,0.22299536287650484,0.15784353940926998,7.62097779980353,0.20255923397018827,0.14770772958650547,.//cost_matrices//cost_matrix_sep.json,.//cost_matrices//quota_matrix_sep.json,sim_input.json
6,0,1,61,50,23,199.0,21.985714285714288,0.7562993092765266,0.6990608232784448,0.6666281387437453,7.544775524944103,0.20534479807008865,0.14632924082060997,8.647396805185599,0.15951025328919244,0.10885055321665386,5.339532964461109,0.1613325621200867,0.12463267407338163,.//cost_matrices//cost_matrix_sep.json,.//cost_matrices//quota_matrix_sep.json,sim_input.json
6,0,1,61,50,24,196.0,24.500000000000007,0.7608814126072383,0.7008391495983604,0.6427647388761656,7.779179497112042,0.2148061639481291,0.15446086475125767,8.232587832877144,0.18908356341755544,0.1317699018754036,6.872362825581843,0.18633819472397348,0.14492802579981726,.//cost_matrices//cost_matrix_sep.json,.//cost_matrices//quota_matrix_sep.json,sim_input.json
6,0,1,61,50,25,199.0,22.792857142857144,0.7384724981293364,0.669666594443366,0.6565539773092898,7.609449306375848,0.22787304533535718,0.15828676383713786,8.08342516787377,0.1952673333758307,0.13241801967080138,6.945883100278756,0.2362821047580625,0.17002097727701204,.//cost_matrices//cost_matrix_sep.json,.//cost_matrices//quota_matrix_sep.json,sim_input.json
6,0,1,61,50,26,191.0,21.84285714285714,0.7563758362571876,0.6709711091877966,0.6489800598067895,7.44535230459142,0.23637441369151005,0.17764369859580953,8.80408791653053,0.14645663799260575,0.10165607403832631,6.295652940642943,0.26421676423245105,0.18927860960010598,.//cost_matrices//cost_matrix_sep.json,.//cost_matrices//quota_matrix_sep.json,sim_input.json
6,0,1,61,50,27,210.0,18.95714285714286,0.7343911017908339,0.644963842588703,0.7108677923081276,7.404334044373563,0.19704920870111997,0.14000692717505422,9.755937800406848,0.11249717868025687,0.08065147199172604,5.724617075778359,0.1429472390956149,0.108684326619685,.//cost_matrices//cost_matrix_sep.json,.//cost_matrices//quota_matrix_sep.json,sim_input.json
6,0,1,61,50,28,194.0,25.432142857142864,0.7434578494582119,0.6605845262362489,0.645915246647911,7.785615168966511,0.191787572346336,0.1359191096969559,8.771107947059628,0.14970284997898756,0.09639375375874797,6.143127205477983,0.1906394076041841,0.13645199352624607,.//cost_matrices//cost_matrix_sep.json,.//cost_matrices//quota_matrix_sep.json,sim_input.json
6,0,1,61,50,29,207.0,22.48571428571429,0.755283558966601,0.6715401117936275,0.6812469641429885,7.602421314786487,0.2219453538191245,0.16716620347552805,9.21618829965077,0.15424319384233498,0.10777524376484594,5.343147535976489,0.18824222963092135,0.13428979600694807,.//cost_matrices//cost_matrix_sep.json,.//cost_matrices//quota_matrix_sep.json,sim_input.json
6,0,1,61,50,30,192.0,25.725000000000005,0.7634761955855344,0.6915688090647122,0.6525450263639317,7.833064390988341,0.16783673161448012,0.11732326000747363,7.798728787160845,0.1628897919075962,0.11729607708880027,7.916450857426545,0.16903711823130751,0.12018112268925064,.//cost_matrices//cost_matrix_sep.json,.//cost_matrices//quota_matrix_sep.json,sim_input.json
6,0,1,61,50,31,198.0,25.33214285714286,0.7448430041616717,0.6754482650989461,0.6703458111860445,7.931727483226691,0.17544546479475723,0.12255197335645082,8.396088966775832,0.15045556364139845,0.09872492646740665,7.00300451612841,0.19991862377732286,0.1397560826576643,.//cost_matrices//cost_matrix_sep.json,.//cost_matrices//quota_matrix_sep.json,sim_input.json
6,0,1,61,50,32,204.0,20.799999999999997,0.7441660461508347,0.6675448742698419,0.6858404196183374,7.4452177446390175,0.20607129590248266,0.14255800449645534,9.139709720219068,0.12000248049134069,0.08702978269014515,5.750725769058964,0.2178643754344523,0.15371791703594948,.//cost_matrices//cost_matrix_sep.json,.//cost_matrices//quota_matrix_sep.json,sim_input.json
6,0,1,61,50,33,196.0,22.03928571428572,0.7878424718800338,0.7093536693920237,0.6488140094023037,7.578217220869202,0.22016492948028427,0.1623430049756375,8.777369174374362,0.15178025413752252,0.1084030392245882,5.579630631693933,0.2443056453713901,0.17377502960131974,.//cost_matrices//cost_matrix_sep.json,.//cost_matrices//quota_matrix_sep.json,sim_input.json
6,0,1,61,50,34,200.0,26.492857142857147,0.7709727817547468,0.6956729885082746,0.65639056025797,8.068562351934837,0.1763642867946191,0.1301824065620869,8.703928053220006,0.15353835408071523,0.1098875958747245,6.162465248079328,0.14011868320857573,0.11415491699715916,.//cost_matrices//cost_matrix_sep.json,.//cost_matrices//quota_matrix_sep.json,sim_input.json
6,0,1,61,50,35,195.0,22.25714285714286,0.7450690170521846,0.6693895494762361,0.6545563984858815,7.434851530201986,0.2091563928664077,0.14552154416458118,8.439129074427791,0.0929529231552675,0.06803605120908843,6.247978068844218,0.30478989568347636,0.22782906862579266,.//cost_matrices//cost_matrix_sep.json,.//cost_matrices//quota_matrix_sep.json,sim_input.json
6,0,1,61,50,36,196.0,19.928571428571434,0.7403124175709633,0.6592100248260186,0.6672506371535903,7.4203529047475065,0.21834939363981512,0.16156444372942919,8.493215568881311,0.1094670857592394,0.07398214930894413,6.654022430366218,0.2707196199035066,0.20124888339236352,.//cost_matrices//cost_matrix_sep.json,.//cost_matrices//quota_matrix_sep.json,sim_input.json
6,0,1,61,50,37,195.0,21.178571428571427,0.7837150898960638,0.7248809246666507,0.6665375620902426,7.229129665952048,0.18929079818631758,0.13893023242402064,8.18870404945893,0.17092061712623569,0.13341761816424164,6.269555282445164,0.17560311380661095,0.13226735209012083,.//cost_matrices//cost_matrix_sep.json,.//cost_matrices//quota_matrix_sep.json,sim_input.json
6,0,1,61,50,38,195.0,24.989285714285717,0.7023045989362531,0.618067624503082,0.6460819671948541,7.692725289304352,0.20237266982361693,0.15067102654858427,8.925945351254336,0.11246538373943228,0.07475520211589445,6.811853816482936,0.24264242809018183,0.18225370549892347,.//cost_matrices//cost_matrix_sep.json,.//cost_matrices//quota_matrix_sep.json,sim_input.json
6,0,1,61,50,39,198.0,22.964285714285722,0.736753893328082,0.6648252453579057,0.7164958550921895,7.587728395104311,0.17022548785975658,0.12798105339972257,8.592002376951736,0.09738643378064805,0.07423892783816757,6.8703898366418645,0.19829217361808935,0.1506625976377941,.//cost_matrices//cost_matrix_sep.json,.//cost_matrices//quota_matrix_sep.json,sim_input.json
6,0,1,61,75,0,193.0,32.97857142857143,0.7067010309524409,0.6168456250436511,0.5979304023368198,8.647319481815886,0.18400126453785828,0.1257045695881158,8.600133171369059,0.1830421484881006,0.12353539283330524,9.166368896730951,0.15323931228612606,0.15323931228612606,.//cost_matrices//cost_matrix_sep.json,.//cost_matrices//quota_matrix_sep.json,sim_input.json
6,0,1,61,75,1,202.0,19.439285714285717,0.7406441380711474,0.6767233969513972,0.6662833161668754,7.17226865551688,0.251002773177466,0.18547147764715063,9.278240238911557,0.14581132861022114,0.10259796660312141,4.683393147868623,0.2262184929148301,0.16890119332953116,.//cost_matrices//cost_matrix_sep.json,.//cost_matrices//quota_matrix_sep.json,sim_input.json
6,0,1,61,75,2,197.0,29.492857142857147,0.727162234176583,0.6388573839491826,0.6326302038530507,8.250923788638024,0.19324488710438126,0.13643865955619086,9.101812573716781,0.12056154878819539,0.08073407311206526,5.698257433401744,0.2971716016352386,0.2166831624071123,.//cost_matrices//cost_matrix_sep.json,.//cost_matrices//quota_matrix_sep.json,sim_input.json
6,0,1,61,75,3,190.0,30.52857142857143,0.7447330134094688,0.6774570735160576,0.5954307499901017,8.349603590652533,0.20958731031027097,0.14357945870304353,8.281049916607857,0.1766242782875577,0.12267353411877992,8.692371960875914,0.2959811668250515,0.25302106129590074,.//cost_matrices//cost_matrix_sep.json,.//cost_matrices//quota_matrix_sep.json,sim_input.json
6,0,1,61,75,4,196.0,26.735714285714284,0.7366208016638973,0.6484157225906299,0.65456731166798,7.98345202776049,0.20252956534439728,0.1386764007987857,8.295636415019048,0.19326865012314803,0.1352209342654905,7.046898865984818,0.21151848073624804,0.1494562796613522,.//cost_matrices//cost_matrix_sep.json,.//cost_matrices//quota_matrix_sep.json,sim_input.json
6,0,1,61,75,5,193.0,28.485714285714284,0.7422218677926858,0.655241487641293,0.6214483493651677,8.327466397582823,0.19879317061579074,0.14130456347251275,9.25969928444687,0.14301840604574145,0.09322420737612999,6.063472243770136,0.2165313046727833,0.17228836209788806,.//cost_matrices//cost_matrix_sep.json,.//cost_matrices//quota_matrix_sep.json,sim_input.json
6,0,1,61,75,6,194.0,22.84285714285714,0.7689687588429992,0.7033262941926114,0.6665196076960154,7.580649221574125,0.20658749700441842,0.15251357554873232,7.846194762435415,0.2105032076002044,0.15567870982932586,7.208885464368318,0.18656217155583268,0.1351664490710455,.//cost_matrices//cost_matrix_sep.json,.//cost_matrices//quota_matrix_sep.json,sim_input.json
6,0,1,61,75,7,196.0,27.335714285714285,0.7476910192572206,0.6644401152538337,0.6415600142488376,8.12639667625489,0.18135751488288313,0.12367521947883489,8.496714732895741,0.17165956132014076,0.11647263420887284,6.274806393050624,0.14096407054687457,0.13318901481304596,.//cost_matrices//cost_matrix_sep.json,.//cost_matrices//quota_matrix_sep.json,sim_input.json
6,0,1,61,75,8,194.0,29.832142857142852,0.7166164327702649,0.6351917962270058,0.6265163254905166,8.299763002665877,0.19076199877537675,0.13424096057926777,9.007191079518249,0.14907219895745952,0.09598120222720379,6.177478772108759,0.22790806134680044,0.17293205972496936,.//cost_matrices//cost_matrix_sep.json,.//cost_matrices//quota_matrix_sep.json,sim_input.json
6,0,1,61,75,9,195.0,30.078571428571433,0.7040492337152973,0.6261462962357526,0.6108889308144564,8.377126505095845,0.20499019123798035,0.1390998859609456,8.617360834856196,0.1440895865666671,0.09764196943836673,7.175954856294084,0.39912646785122896,0.32944097379588455,.//cost_matrices//cost_matrix_sep.json,.//cost_matrices//quota_matrix_sep.json,sim_input.json
6,0,1,61,75,10,193.0,30.0,0.7615384615384615,0.6923076923076923,0.6146639419484048,8.315764521479068,0.15967892439386647,0.1069658012782562,8.837831518686382,0.13068331894702634,0.084224832205828,5.705429535442495,0.17385036945429194,0.16882866552999864,.//cost_matrices//cost_matrix_sep.json,.//cost_matrices//quota_matrix_sep.json,sim_input.json
6,0,1,61,75,11,194.0,27.75,0.7160668626185871,0.6380027242096209,0.6266444062494914,8.144007626911247,0.17621850789501795,0.11715738487131197,8.58203529252462,0.1525914758732622,0.10123957381912913,5.9538692988443795,0.2352963654865818,0.2170428129763775,.//cost_matrices//cost_matrix_sep.json,.//cost_matrices//quota_matrix_sep.json,sim_input.json
6,0,1,61,75,12,196.0,29.053571428571434,0.7517951889068576,0.6637391915020211,0.6396803022812284,8.250977965087865,0.16151679152009754,0.11180647972471315,8.83456090686019,0.13559080285340028,0.09407890307220969,6.500229139770881,0.17775536861393487,0.15610903361834327,.//cost_matrices//cost_matrix_sep.json,.//cost_matrices//quota_matrix_sep.json,sim_input.json
6,0,1,61,75,13,192.0,28.0,0.7692307692307693,0.6923076923076926,0.6306909879882244,8.047339598442393,0.16656871864814224,0.11974286973251487,8.062136179230581,0.1744226801319259,0.12251897588554757,8.002949856077835,0.13468730983693483,0.11094958870104031,.//cost_matrices//cost_matrix_sep.json,.//cost_matrices//quota_matrix_sep.json,sim_input.json
6,0,1,61,75,14,197.0,28.010714285714293,0.7402317129984511,0.6618800010751283,0.6336358708617212,8.16590342939894,0.2026185915776271,0.14889726302350856,8.979824523018623,0.16459550602557724,0.109717822292556,5.0730032736441455,0.1416273492952254,0.12117134703539124,.//cost_matrices//cost_matrix_sep.json,.//cost_matrices//quota_matrix_sep.json,sim_input.json
6,0,1,61,75,15,194.0,28.885714285714283,0.729714004054286,0.6512238979279074,0.6125085168253078,8.32932709518896,0.21101137224220679,0.14818160299714717,8.547337028986197,0.1947731961666252,0.134764503120674,7.239277426202774,0.24293525793291987,0.18965237805148089,.//cost_matrices//cost_matrix_sep.json,.//cost_matrices//quota_matrix_sep.json,sim_input.json
6,0,1,61,75,16,197.0,26.389285714285723,0.7369734873304399,0.6686531794957015,0.6335185754943142,7.822282103114458,0.221742443675781,0.15710323829654702,9.138928130122768,0.14780103569412603,0.09749590095941299,4.624713180379985,0.1962554478325115,0.14742701213238543,.//cost_matrices//cost_matrix_sep.json,.//cost_matrices//quota_matrix_sep.json,sim_input.json
6,0,1,61,75,17,198.0,25.16071428571428,0.7610451882977644,0.6836832297712068,0.6497095171547175,7.848070913202455,0.2150300323777887,0.1492696761817705,8.51879715932504,0.14040405938393138,0.0925063936192234,6.5066184209572855,0.28625156322161316,0.226620060465319,.//cost_matrices//cost_matrix_sep.json,.//cost_matrices//quota_matrix_sep.json,sim_input.json
6,0,1,61,75,18,197.0,21.121428571428574,0.7962101428325038,0.7400410402683111,0.6507617960056593,7.332644659426599,0.19367071131678373,0.14325427618159126,8.54125983667932,0.13185156642086987,0.09125806176711498,4.915414304921159,0.1653565996710137,0.12919565277988376,.//cost_matrices//cost_matrix_sep.json,.//cost_matrices//quota_matrix_sep.json,sim_input.json
6,0,1,61,75,19,194.0,29.61071428571428,0.7641181648264315,0.6951014239506264,0.618781007125568,8.279445247895186,0.20282560795171906,0.14341950215196458,8.638390427620791,0.19361556539502603,0.13275252562688367,5.766828989815949,0.05713900930991084,0.04665594927998992,.//cost_matrices//cost_matrix_sep.json,.//cost_matrices//quota_matrix_sep.json,sim_input.json
6,0,1,61,75,20,197.0,23.278571428571425,0.7672224576963528,0.6819204635290064,0.6459354599547871,7.629944277814995,0.1894252825099321,0.13332120429311467,8.754446398599363,0.15332633122449732,0.10533674966871386,5.755774076507713,0.14535503141952807,0.11221857805104307,.//cost_matrices//cost_matrix_sep.json,.//cost_matrices//quota_matrix_sep.json,sim_input.json
6,0,1,61,75,21,199.0,30.0,0.7448717948717949,0.673076923076923,0.6294510363280489,8.227306895525196,0.18569325944653473,0.13956046813534229,8.893447077542433,0.1482473543595351,0.09903786551159464,6.228886349473484,0.2102373453606166,0.14568738718484373,.//cost_matrices//cost_matrix_sep.json,.//cost_matrices//quota_matrix_sep.json,sim_input.json
6,0,1,61,75,22,193.0,20.492857142857147,0.7883777268531579,0.7261633640523114,0.6760871506625828,7.348896357755851,0.13395899559195032,0.09443266322238755,7.748574436947651,0.11108928389628825,0.08533475798438694,6.54954019937225,0.15857525208387113,0.10631160964183714,.//cost_matrices//cost_matrix_sep.json,.//cost_matrices//quota_matrix_sep.json,sim_input.json
6,0,1,61,75,23,200.0,25.68571428571428,0.7062271903054683,0.6138843857779003,0.642652895511458,7.989432157596432,0.19195397584691534,0.13595517198578547,8.752238530327741,0.1545142793953397,0.10368285773891008,5.701013039402496,0.18437264847575402,0.12196647627376252,.//cost_matrices//cost_matrix_sep.json,.//cost_matrices//quota_matrix_sep.json,sim_input.json
6,0,1,61,75,24,201.0,27.772619047619052,0.7149993592124575,0.6253818864958566,0.6533754584549631,8.230003860870893,0.1839341223965765,0.12924377558702618,8.720523254504727,0.1765375919337963,0.11966659067823343,6.366030165062319,0.08677822834537059,0.07279606963139053,.//cost_matrices//cost_matrix_sep.json,.//cost_matrices//quota_matrix_sep.json,sim_input.json
6,0,1,61,75,25,201.0,27.200000000000006,0.7444299025490598,0.6737434196056801,0.6646912146585581,8.175236697629293,0.18051006988975102,0.1296722034976517,9.288849466863994,0.12078618728919019,0.07829394782862033,5.470748543773587,0.1304513934583971,0.09056577484926741,.//cost_matrices//cost_matrix_sep.json,.//cost_matrices//quota_matrix_sep.json,sim_input.json
6,0,1,61,75,26,194.0,25.189285714285713,0.7644579193902171,0.6798755823477216,0.6489140970782786,8.037140248453964,0.21973440192568788,0.14808538016340272,7.857591760603086,0.17721192067798466,0.11880119091073366,8.396237224155723,0.2776743192134231,0.20878912990340556,.//cost_matrices//cost_matrix_sep.json,.//cost_matrices//quota_matrix_sep.json,sim_input.json
6,0,1,61,75,27,194.0,30.874999999999996,0.702622820853638,0.6158011832441984,0.595234060931294,8.44054194908991,0.19178915132368088,0.13065663863216556,8.856619418991993,0.16428960565699888,0.11066582139117853,3.8636897801670007,0.16681553599049787,0.16681553599049787,.//cost_matrices//cost_matrix_sep.json,.//cost_matrices//quota_matrix_sep.json,sim_input.json
6,0,1,61,75,28,200.0,28.382142857142856,0.7336703481743393,0.6530217937823044,0.6249434123915864,8.253671584513247,0.20736366888751717,0.14855950071952884,9.439605829006767,0.13667084674180965,0.0931273604266063,4.695868851032685,0.20319011376520207,0.1493594786761517,.//cost_matrices//cost_matrix_sep.json,.//cost_matrices//quota_matrix_sep.json,sim_input.json
6,0,1,61,75,29,198.0,20.514285714285712,0.7400350997765485,0.657825789974153,0.6922714513431794,7.375982490796477,0.1756391238003019,0.12160735524590201,8.020367560058475,0.16435817751923054,0.11905015823719554,6.087212352272479,0.14547019550800333,0.10613019405683395,.//cost_matrices//cost_matrix_sep.json,.//cost_matrices//quota_matrix_sep.json,sim_input.json
6,0,1,61,75,30,200.0,21.99285714285714,0.7412477626028863,0.6759462802066617,0.6609839001208963,7.457683234200846,0.2078953144162348,0.14917061301924708,8.641848401712629,0.14923595182836416,0.10088928257615576,5.089352899177278,0.19845365460027314,0.15383723915296635,.//cost_matrices//cost_matrix_sep.json,.//cost_matrices//quota_matrix_sep.json,sim_input.json
6,0,1,61,75,31,191.0,27.835714285714285,0.7310845566266277,0.6440317417625285,0.6373907881910761,8.181306350324055,0.19123011815795274,0.13241630145036365,7.973626477319652,0.21052730975706546,0.1489314492399775,8.804345969337268,0.12641055337618168,0.09797846415818148,.//cost_matrices//cost_matrix_sep.json,.//cost_matrices//quota_matrix_sep.json,sim_input.json
6,0,1,61,75,32,197.0,24.367857142857144,0.7243441174807463,0.656366232275279,0.6494857234226488,7.782533966839043,0.18631437888382543,0.12972947340934612,8.36903302767875,0.15388697865550652,0.1039591538301583,5.553837535648154,0.2501869760676547,0.20618061826087417,.//cost_matrices//cost_matrix_sep.json,.//cost_matrices//quota_matrix_sep.json,sim_input.json
6,0,1,61,75,33,192.0,29.332142857142856,0.7435747598433697,0.6634107995591283,0.6109820108768785,8.26087277558051,0.19843092288504915,0.13403599593928728,8.080318670099542,0.1789164066857492,0.12029444488002282,8.802535092023408,0.23174923720925347,0.17730738796529896,.//cost_matrices//cost_matrix_sep.json,.//cost_matrices//quota_matrix_sep.json,sim_input.json
6,0,1,61,75,34,200.0,27.946428571428577,0.7478605882267811,0.6859099212788246,0.6292670898812037,8.033945032500776,0.22952816052377106,0.1738120251956199,9.11508248858522,0.1804877890825206,0.12455605130664282,5.408325496295698,0.20063006813701412,0.1418116012613136,.//cost_matrices//cost_matrix_sep.json,.//cost_matrices//quota_matrix_sep.json,sim_input.json
6,0,1,61,75,35,193.0,30.27857142857143,0.7307731459419804,0.6473603905328886,0.6196037367357734,8.316124487255978,0.1611815146811509,0.11073174630612219,8.389241952397121,0.16622025673816734,0.11459529608671125,7.511832370703404,0.007472469797774927,0.007472469797774927,.//cost_matrices//cost_matrix_sep.json,.//cost_matrices//quota_matrix_sep.json,sim_input.json
6,0,1,61,75,36,192.0,24.564285714285713,0.7684616945688972,0.6970138170653047,0.6248521580258022,7.667349320096108,0.22884584881900027,0.17111468913306382,7.678192512663869,0.2104822444743858,0.16034435949898532,7.6456629349605905,0.24152963006056016,0.19203788883301906,.//cost_matrices//cost_matrix_sep.json,.//cost_matrices//quota_matrix_sep.json,sim_input.json
6,0,1,61,75,37,192.0,27.267857142857146,0.7313918742505128,0.6582588165537463,0.6473695107982304,8.149374524474899,0.16775224176825204,0.11556494249458805,8.84133036121487,0.1433958222496459,0.10139050459386759,6.073507014254987,0.15661434284882472,0.12099157715582201,.//cost_matrices//cost_matrix_sep.json,.//cost_matrices//quota_matrix_sep.json,sim_input.json
6,0,1,61,75,38,203.0,23.235714285714295,0.7634742355082046,0.6825133974343423,0.6628986183637349,7.629030823399287,0.20890808505055397,0.15832596039703167,9.189598684811223,0.1371167925313051,0.09209953899636254,5.028084387712726,0.08967386473124743,0.07032519160804956,.//cost_matrices//cost_matrix_sep.json,.//cost_matrices//quota_matrix_sep.json,sim_input.json
6,0,1,61,75,39,195.0,28.307142857142864,0.7660212849070204,0.702282063360033,0.6126642278919622,7.982649124428325,0.1984681205227692,0.14422028155901806,8.497597452901363,0.17371966664162425,0.11687844337675204,6.025845476230773,0.22429014521732984,0.16742273942255192,.//cost_matrices//cost_matrix_sep.json,.//cost_matrices//quota_matrix_sep.json,sim_input.json
6,0,1,61,90,0,194.0,33.11071428571429,0.720531261884177,0.6322832429055945,0.6013567702530305,8.71200339169693,0.16628680486703312,0.10983930892904259,8.769296329220815,0.1673683880755709,0.10991774179593204,7.394265828647591,0.0,0.0,.//cost_matrices//cost_matrix_sep.json,.//cost_matrices//quota_matrix_sep.json,sim_input.json
6,0,1,61,90,1,191.0,28.050000000000004,0.7506934391757043,0.6718386762167631,0.611247858337716,8.109176380468604,0.18558782315576383,0.13013899851288865,8.336862956234635,0.1650908446950194,0.11167777870240538,6.515370350106386,0.26446946273953464,0.22265954496402926,.//cost_matrices//cost_matrix_sep.json,.//cost_matrices//quota_matrix_sep.json,sim_input.json
6,0,1,61,90,2,195.0,30.41428571428571,0.7456481080301495,0.6614255444372016,0.6095735498748557,8.461965173377376,0.18972123493984114,0.1331770083640741,8.796458107706757,0.17579016482703316,0.12028964569717059,6.120514633071729,0.22115954716186798,0.17657860666776207,.//cost_matrices//cost_matrix_sep.json,.//cost_matrices//quota_matrix_sep.json,sim_input.json
6,0,1,61,90,3,193.0,29.20714285714286,0.7338585131996853,0.648868774862929,0.6192258940075356,8.35026417479449,0.1792647868103177,0.1209010240256871,8.288984262326593,0.1804203924307966,0.12142229166861156,8.77922356206976,0.14516132527461106,0.13253679431715593,.//cost_matrices//cost_matrix_sep.json,.//cost_matrices//quota_matrix_sep.json,sim_input.json
6,0,1,61,90,4,192.0,32.0,0.7439903846153846,0.673076923076923,0.5836187799601129,8.479845348907837,0.18624578012994658,0.128518783948775,8.603445811339862,0.18192254405761024,0.12443910374003876,5.637034712971248,0.0,0.0,.//cost_matrices//cost_matrix_sep.json,.//cost_matrices//quota_matrix_sep.json,sim_input.json
6,0,1,61,90,5,199.0,31.43571428571429,0.7234206182819252,0.6420471579713427,0.6258754213209372,8.416238941528551,0.17288877827384824,0.12350851170614732,8.852261422738204,0.1497522017538828,0.10163029567701441,5.364081573060985,0.16198197969371317,0.1491491286812503,.//cost_matrices//cost_matrix_sep.json,.//cost_matrices//quota_matrix_sep.json,sim_input.json
6,0,1,61,90,6,195.0,32.332142857142856,0.7302542834671297,0.6450769201720519,0.6129483827007536,8.554497244049424,0.1587587889619426,0.10688215892689523,8.633444855840047,0.15745977826147192,0.1049431902095281,6.738702172865113,0.0,0.0,.//cost_matrices//cost_matrix_sep.json,.//cost_matrices//quota_matrix_sep.json,sim_input.json
6,0,1,61,90,7,195.0,30.842857142857145,0.71310337831491,0.621845846842406,0.6338253652926584,8.530268093088651,0.1691162171359944,0.1139108273732516,8.556213754080886,0.17711435704998515,0.1199679189239955,8.244865822174072,0.04319332711675911,0.04319332711675911,.//cost_matrices//cost_matrix_sep.json,.//cost_matrices//quota_matrix_sep.json,sim_input.json
6,0,1,61,90,8,192.0,34.0,0.7183257918552036,0.6346153846153845,0.5809985151146133,8.76371132343368,0.17522881506630797,0.11699300796779322,8.76371132343368,0.17522881506630797,0.11699300796779322,nan,nan,nan,.//cost_matrices//cost_matrix_sep.json,.//cost_matrices//quota_matrix_sep.json,sim_input.json
6,0,1,61,90,9,194.0,32.474999999999994,0.6971689283348128,0.6062815565682494,0.586202628368383,8.635393499337004,0.17910962186062446,0.12016124670484958,8.90818555149355,0.15709679117011263,0.1053872715045207,2.361176299736432,0.0,0.0,.//cost_matrices//cost_matrix_sep.json,.//cost_matrices//quota_matrix_sep.json,sim_input.json
6,0,1,61,90,10,195.0,30.60357142857143,0.7066406065077754,0.6156057293403954,0.6019140265832548,8.379345085353904,0.1784054343678883,0.12225314864362279,8.738267315261217,0.15504955786932864,0.10210569287335161,4.431200556373446,0.22467335796263924,0.22467335796263924,.//cost_matrices//cost_matrix_sep.json,.//cost_matrices//quota_matrix_sep.json,sim_input.json
6,0,1,61,90,11,193.0,29.674999999999997,0.7491065636030962,0.6756411692618118,0.6090755063818892,8.275313811398544,0.19011838137668738,0.13914506173829586,8.707587966965942,0.17227915091612214,0.1212532409373736,6.113943033561554,0.15547601163006877,0.13814898850640178,.//cost_matrices//cost_matrix_sep.json,.//cost_matrices//quota_matrix_sep.json,sim_input.json
6,0,1,61,90,12,189.0,29.42857142857143,0.7229015729541207,0.6434868304551019,0.5949204257227465,8.180362551259217,0.19115643902002719,0.1290791700425245,8.52236550552965,0.16759026652591516,0.11481693133067093,6.470347779907067,0.2813801550134892,0.20436055248912297,.//cost_matrices//cost_matrix_sep.json,.//cost_matrices//quota_matrix_sep.json,sim_input.json
6,0,1,61,90,13,191.0,33.47857142857143,0.6959766115965142,0.6031381504460964,0.5826139229991307,8.653712779959784,0.2141530840948304,0.14659195238680223,8.451664532788921,0.18746061244802942,0.12765447803318614,9.663954015814108,0.27691654643515273,0.23059908647906666,.//cost_matrices//cost_matrix_sep.json,.//cost_matrices//quota_matrix_sep.json,sim_input.json
6,0,1,61,90,14,193.0,32.30357142857144,0.7399144830394111,0.6650607194639003,0.5996621117632391,8.595141084763858,0.17923046184287392,0.12130065824479772,8.82710599747167,0.1716382029744051,0.11387770749644492,6.043527044977944,0.07831196202086502,0.07831196202086502,.//cost_matrices//cost_matrix_sep.json,.//cost_matrices//quota_matrix_sep.json,sim_input.json
6,0,1,61,90,15,194.0,31.60357142857143,0.7325152628455128,0.6614170107723709,0.5935901693601069,8.538225478510508,0.1876593309648759,0.1268090355373839,8.904465866513036,0.1657837401172506,0.10944364812356966,4.509581210482717,0.032960664776951934,0.032960664776951934,.//cost_matrices//cost_matrix_sep.json,.//cost_matrices//quota_matrix_sep.json,sim_input.json
6,0,1,61,90,16,191.0,34.0,0.7183257918552036,0.6346153846153845,0.580809836269269,8.755409618180886,0.16717695457829068,0.1133483646528559,8.712577593595466,0.17187972834506543,0.11650683049297887,9.740546183645554,0.0,0.0,.//cost_matrices//cost_matrix_sep.json,.//cost_matrices//quota_matrix_sep.json,sim_input.json
6,0,1,61,90,17,195.0,31.299999999999997,0.7424639777030888,0.6596863340552309,0.589697117146254,8.383951809927234,0.2009695848289614,0.14057399022174358,9.017097704898148,0.15973024939865396,0.10726056302544677,3.9519305451308266,0.16009370756974597,0.1417858249150608,.//cost_matrices//cost_matrix_sep.json,.//cost_matrices//quota_matrix_sep.json,sim_input.json
6,0,1,61,90,18,193.0,25.850000000000005,0.7789189027790858,0.7023609622393815,0.6439371580630416,7.781423703534419,0.1773342560239358,0.12500905222125022,7.853926426534666,0.17884776854066,0.12488893610312826,7.563915534533687,0.16485583135944978,0.11804967695048027,.//cost_matrices//cost_matrix_sep.json,.//cost_matrices//quota_matrix_sep.json,sim_input.json
6,0,1,61,90,19,192.0,34.0,0.7183257918552036,0.6346153846153845,0.5809985151146133,8.76371132343368,0.17522881506630797,0.11699300796779322,8.76371132343368,0.17522881506630797,0.11699300796779322,nan,nan,nan,.//cost_matrices//cost_matrix_sep.json,.//cost_matrices//quota_matrix_sep.json,sim_input.json
6,0,1,61,90,20,195.0,31.357142857142858,0.7257631703185997,0.6441306853130611,0.6043333645359015,8.434863944302807,0.20466153422194425,0.13808971965947817,8.548553960466062,0.16385986256432572,0.10972220475351036,7.866413863486524,0.33565182395326826,0.2633216416329831,.//cost_matrices//cost_matrix_sep.json,.//cost_matrices//quota_matrix_sep.json,sim_input.json
6,0,1,61,90,21,196.0,31.639285714285723,0.7276505875223072,0.6441945237159891,0.6326883185196105,8.625274446159358,0.1764548891506321,0.12093935489872268,8.735465382096418,0.17401743585855964,0.11713617527567925,7.4131741508516935,0.15539052061836878,0.15539052061836878,.//cost_matrices//cost_matrix_sep.json,.//cost_matrices//quota_matrix_sep.json,sim_input.json
6,0,1,61,90,22,192.0,34.0,0.7183257918552036,0.6346153846153845,0.5809985151146133,8.76371132343368,0.17522881506630797,0.11699300796779322,8.76371132343368,0.17522881506630797,0.11699300796779322,nan,nan,nan,.//cost_matrices//cost_matrix_sep.json,.//cost_matrices//quota_matrix_sep.json,sim_input.json
6,0,1,61,90,23,193.0,29.825,0.726837586195094,0.6380504413221793,0.6088127755606504,8.29545837409785,0.1963603987041877,0.1357939315388972,8.868776827876346,0.1671482790344411,0.111395492777366,5.428866105205376,0.23801905216285196,0.17839107344495508,.//cost_matrices//cost_matrix_sep.json,.//cost_matrices//quota_matrix_sep.json,sim_input.json
6,0,1,61,90,24,190.0,34.0,0.7183257918552036,0.6346153846153845,0.5851345448807048,8.778252971583441,0.1601337826926589,0.10807375579402294,8.839988274320621,0.16140987293032963,0.10894868574584396,7.358341008628305,0.0,0.0,.//cost_matrices//cost_matrix_sep.json,.//cost_matrices//quota_matrix_sep.json,sim_input.json
6,0,1,61,90,25,193.0,32.0,0.7355769230769231,0.6538461538461539,0.602767088559955,8.519459661295139,0.16569084190159575,0.11195838614987769,8.48135507683539,0.17068054279138678,0.11559298087304093,9.395865103869392,0.0,0.0,.//cost_matrices//cost_matrix_sep.json,.//cost_matrices//quota_matrix_sep.json,sim_input.json
6,0,1,61,90,26,192.0,32.45,0.7300749183751242,0.6439693095588718,0.6012433081054667,8.665783159454493,0.1594514976645575,0.10828827108537033,8.698852101252733,0.1501550072105098,0.10017095685964192,8.434300566866824,0.19745710801127306,0.17081250163424444,.//cost_matrices//cost_matrix_sep.json,.//cost_matrices//quota_matrix_sep.json,sim_input.json
6,0,1,61,90,27,193.0,32.0,0.7439903846153846,0.673076923076923,0.5841118050186267,8.486782337349517,0.19489309902292534,0.13331058053035547,8.675863937267643,0.18354567912843447,0.12485864256568888,4.137905539232605,0.0,0.0,.//cost_matrices//cost_matrix_sep.json,.//cost_matrices//quota_matrix_sep.json,sim_input.json
6,0,1,61,90,28,197.0,31.36071428571429,0.7243391968549238,0.6395243161586877,0.6328859539358049,8.548534045220627,0.16248448758362422,0.11340077410389254,8.83278265974663,0.14749393775012357,0.09771950576013362,7.127290972590624,0.17883321033669253,0.12890841495125271,.//cost_matrices//cost_matrix_sep.json,.//cost_matrices//quota_matrix_sep.json,sim_input.json
6,0,1,61,90,29,193.0,32.05357142857143,0.7349259348714626,0.6526854109491212,0.5949903616840762,8.570058343903794,0.18227349472496052,0.12432911386231062,8.963706311728556,0.1562885332774423,0.10275917801033317,4.239930697831409,0.1328390093980201,0.1328390093980201,.//cost_matrices//cost_matrix_sep.json,.//cost_matrices//quota_matrix_sep.json,sim_input.json
6,0,1,61,90,30,199.0,28.025000000000002,0.7469055973991292,0.6644718722657675,0.6562678789989131,8.10919014281113,0.1620005115328979,0.11422712179828307,8.428693812894545,0.15949460420236833,0.1079361432067364,6.5116717923940515,0.039999860697226663,0.031099180132781148,.//cost_matrices//cost_matrix_sep.json,.//cost_matrices//quota_matrix_sep.json,sim_input.json
6,0,1,61,90,31,194.0,29.250000000000007,0.7335938831665307,0.6478315922760365,0.6029015514970439,8.306433956096628,0.19790875684300072,0.13739332009663813,8.597568427668977,0.18489216761112107,0.1263377889794633,5.103954768800811,0.11048579442914831,0.11048579442914831,.//cost_matrices//cost_matrix_sep.json,.//cost_matrices//quota_matrix_sep.json,sim_input.json
6,0,1,61,90,32,194.0,30.957142857142852,0.7201966064082818,0.6316898342814586,0.5990462040586692,8.465729117025072,0.1922012644373167,0.13375548612016327,8.849227159765716,0.1683780531879614,0.11338718213192298,4.247250646877985,0.048069697737135146,0.048069697737135146,.//cost_matrices//cost_matrix_sep.json,.//cost_matrices//quota_matrix_sep.json,sim_input.json
6,0,1,61,90,33,198.0,29.253571428571433,0.7509761577849317,0.6656923492895807,0.6101054990095556,8.234051144384564,0.2106495101260306,0.1551771300319936,8.940468116660696,0.17523926264592204,0.1184751864534454,4.701966283003908,0.1533948152389607,0.1103566460579867,.//cost_matrices//cost_matrix_sep.json,.//cost_matrices//quota_matrix_sep.json,sim_input.json
6,0,1,61,90,34,195.0,29.332142857142856,0.7361051117866283,0.6584891750803519,0.6236259867208872,8.362022125064156,0.18554107332842468,0.1273588270123508,8.524998379641035,0.18539886961494137,0.12625091653790763,6.569283324718461,0.0023646917120289457,0.0023646917120289457,.//cost_matrices//cost_matrix_sep.json,.//cost_matrices//quota_matrix_sep.json,sim_input.json
6,0,1,61,90,35,192.0,26.174999999999994,0.7647772359710178,0.6866235367571452,0.6264424598285449,7.921063135444629,0.1776702557857053,0.1301959702541772,8.207472974783911,0.16194498182667982,0.11266695792902207,6.489013938748206,0.190943466468933,0.15301908827301305,.//cost_matrices//cost_matrix_sep.json,.//cost_matrices//quota_matrix_sep.json,sim_input.json
6,0,1,61,90,36,197.0,28.275000000000006,0.7246422621828054,0.6383347253107704,0.6401688819359179,8.094802031658164,0.17551724930828544,0.12114244993735598,8.36800093072367,0.17409707981435857,0.11849621727075059,6.728807536330633,0.10244389917081942,0.07322221751330843,.//cost_matrices//cost_matrix_sep.json,.//cost_matrices//quota_matrix_sep.json,sim_input.json
6,0,1,61,90,37,195.0,29.657142857142855,0.6964958689002004,0.5999600292530354,0.601814190324981,8.41503040610761,0.19414252680505872,0.1325790888974581,9.010299659924558,0.15607063444628866,0.10690702054185983,4.248145629388964,0.20316812285105276,0.15585300296574783,.//cost_matrices//cost_matrix_sep.json,.//cost_matrices//quota_matrix_sep.json,sim_input.json
6,0,1,61,90,38,194.0,31.307142857142857,0.7441304519934395,0.6647075171948532,0.5967630930164985,8.43334954089412,0.19289690584984828,0.13580157472106813,9.360759781907998,0.1287184278867449,0.08245228709759941,3.7962983358247238,0.0724939390365496,0.05593447184066384,.//cost_matrices//cost_matrix_sep.json,.//cost_matrices//quota_matrix_sep.json,sim_input.json
6,0,1,61,90,39,196.0,29.3,0.7295245376974828,0.6418479393126869,0.6272888277253832,8.315339274061257,0.17726671882605038,0.1272639245809096,8.606877179922892,0.17391490624642283,0.12098700959384717,6.274573933029811,0.04184401744770393,0.031438734538517046,.//cost_matrices//cost_matrix_sep.json,.//cost_matrices//quota_matrix_sep.json,sim_input.json
6,0,1,61,100,0,192.0,34.0,0.7183257918552036,0.6346153846153845,0.5809985151146133,8.76371132343368,0.17522881506630797,0.11699300796779322,8.76371132343368,0.17522881506630797,0.11699300796779322,nan,nan,nan,.//cost_matrices//cost_matrix_sep.json,.//cost_matrices//quota_matrix_sep.json,sim_input.json
6,0,1,61,100,1,192.0,34.0,0.7183257918552036,0.6346153846153845,0.5809985151146133,8.76371132343368,0.17522881506630797,0.11699300796779322,8.76371132343368,0.17522881506630797,0.11699300796779322,nan,nan,nan,.//cost_matrices//cost_matrix_sep.json,.//cost_matrices//quota_matrix_sep.json,sim_input.json
6,0,1,61,100,2,192.0,34.0,0.7183257918552036,0.6346153846153845,0.5809985151146133,8.76371132343368,0.17522881506630797,0.11699300796779322,8.76371132343368,0.17522881506630797,0.11699300796779322,nan,nan,nan,.//cost_matrices//cost_matrix_sep.json,.//cost_matrices//quota_matrix_sep.json,sim_input.json
6,0,1,61,100,3,192.0,34.0,0.7183257918552036,0.6346153846153845,0.5809985151146133,8.76371132343368,0.17522881506630797,0.11699300796779322,8.76371132343368,0.17522881506630797,0.11699300796779322,nan,nan,nan,.//cost_matrices//cost_matrix_sep.json,.//cost_matrices//quota_matrix_sep.json,sim_input.json
6,0,1,61,100,4,192.0,34.0,0.7183257918552036,0.6346153846153845,0.5809985151146133,8.76371132343368,0.17522881506630797,0.11699300796779322,8.76371132343368,0.17522881506630797,0.11699300796779322,nan,nan,nan,.//cost_matrices//cost_matrix_sep.json,.//cost_matrices//quota_matrix_sep.json,sim_input.json
6,0,1,61,100,5,192.0,34.0,0.7183257918552036,0.6346153846153845,0.5809985151146133,8.76371132343368,0.17522881506630797,0.11699300796779322,8.76371132343368,0.17522881506630797,0.11699300796779322,nan,nan,nan,.//cost_matrices//cost_matrix_sep.json,.//cost_matrices//quota_matrix_sep.json,sim_input.json
6,0,1,61,100,6,192.0,34.0,0.7183257918552036,0.6346153846153845,0.5809985151146133,8.76371132343368,0.17522881506630797,0.11699300796779322,8.76371132343368,0.17522881506630797,0.11699300796779322,nan,nan,nan,.//cost_matrices//cost_matrix_sep.json,.//cost_matrices//quota_matrix_sep.json,sim_input.json
6,0,1,61,100,7,192.0,34.0,0.7183257918552036,0.6346153846153845,0.5809985151146133,8.76371132343368,0.17522881506630797,0.11699300796779322,8.76371132343368,0.17522881506630797,0.11699300796779322,nan,nan,nan,.//cost_matrices//cost_matrix_sep.json,.//cost_matrices//quota_matrix_sep.json,sim_input.json
6,0,1,61,100,8,192.0,34.0,0.7183257918552036,0.6346153846153845,0.5809985151146133,8.76371132343368,0.17522881506630797,0.11699300796779322,8.76371132343368,0.17522881506630797,0.11699300796779322,nan,nan,nan,.//cost_matrices//cost_matrix_sep.json,.//cost_matrices//quota_matrix_sep.json,sim_input.json
6,0,1,61,100,9,192.0,34.0,0.7183257918552036,0.6346153846153845,0.5809985151146133,8.76371132343368,0.17522881506630797,0.11699300796779322,8.76371132343368,0.17522881506630797,0.11699300796779322,nan,nan,nan,.//cost_matrices//cost_matrix_sep.json,.//cost_matrices//quota_matrix_sep.json,sim_input.json
6,0,1,61,100,10,192.0,34.0,0.7183257918552036,0.6346153846153845,0.5809985151146133,8.76371132343368,0.17522881506630797,0.11699300796779322,8.76371132343368,0.17522881506630797,0.11699300796779322,nan,nan,nan,.//cost_matrices//cost_matrix_sep.json,.//cost_matrices//quota_matrix_sep.json,sim_input.json
6,0,1,61,100,11,192.0,34.0,0.7183257918552036,0.6346153846153845,0.5809985151146133,8.76371132343368,0.17522881506630797,0.11699300796779322,8.76371132343368,0.17522881506630797,0.11699300796779322,nan,nan,nan,.//cost_matrices//cost_matrix_sep.json,.//cost_matrices//quota_matrix_sep.json,sim_input.json
6,0,1,61,100,12,192.0,34.0,0.7183257918552036,0.6346153846153845,0.5809985151146133,8.76371132343368,0.17522881506630797,0.11699300796779322,8.76371132343368,0.17522881506630797,0.11699300796779322,nan,nan,nan,.//cost_matrices//cost_matrix_sep.json,.//cost_matrices//quota_matrix_sep.json,sim_input.json
6,0,1,61,100,13,192.0,34.0,0.7183257918552036,0.6346153846153845,0.5809985151146133,8.76371132343368,0.17522881506630797,0.11699300796779322,8.76371132343368,0.17522881506630797,0.11699300796779322,nan,nan,nan,.//cost_matrices//cost_matrix_sep.json,.//cost_matrices//quota_matrix_sep.json,sim_input.json
6,0,1,61,100,14,192.0,34.0,0.7183257918552036,0.6346153846153845,0.5809985151146133,8.76371132343368,0.17522881506630797,0.11699300796779322,8.76371132343368,0.17522881506630797,0.11699300796779322,nan,nan,nan,.//cost_matrices//cost_matrix_sep.json,.//cost_matrices//quota_matrix_sep.json,sim_input.json
6,0,1,61,100,15,192.0,34.0,0.7183257918552036,0.6346153846153845,0.5809985151146133,8.76371132343368,0.17522881506630797,0.11699300796779322,8.76371132343368,0.17522881506630797,0.11699300796779322,nan,nan,nan,.//cost_matrices//cost_matrix_sep.json,.//cost_matrices//quota_matrix_sep.json,sim_input.json
6,0,1,61,100,16,192.0,34.0,0.7183257918552036,0.6346153846153845,0.5809985151146133,8.76371132343368,0.17522881506630797,0.11699300796779322,8.76371132343368,0.17522881506630797,0.11699300796779322,nan,nan,nan,.//cost_matrices//cost_matrix_sep.json,.//cost_matrices//quota_matrix_sep.json,sim_input.json
6,0,1,61,100,17,192.0,34.0,0.7183257918552036,0.6346153846153845,0.5809985151146133,8.76371132343368,0.17522881506630797,0.11699300796779322,8.76371132343368,0.17522881506630797,0.11699300796779322,nan,nan,nan,.//cost_matrices//cost_matrix_sep.json,.//cost_matrices//quota_matrix_sep.json,sim_input.json
6,0,1,61,100,18,192.0,34.0,0.7183257918552036,0.6346153846153845,0.5809985151146133,8.76371132343368,0.17522881506630797,0.11699300796779322,8.76371132343368,0.17522881506630797,0.11699300796779322,nan,nan,nan,.//cost_matrices//cost_matrix_sep.json,.//cost_matrices//quota_matrix_sep.json,sim_input.json
6,0,1,61,100,19,192.0,34.0,0.7183257918552036,0.6346153846153845,0.5809985151146133,8.76371132343368,0.17522881506630797,0.11699300796779322,8.76371132343368,0.17522881506630797,0.11699300796779322,nan,nan,nan,.//cost_matrices//cost_matrix_sep.json,.//cost_matrices//quota_matrix_sep.json,sim_input.json
6,0,1,61,100,20,192.0,34.0,0.7183257918552036,0.6346153846153845,0.5809985151146133,8.76371132343368,0.17522881506630797,0.11699300796779322,8.76371132343368,0.17522881506630797,0.11699300796779322,nan,nan,nan,.//cost_matrices//cost_matrix_sep.json,.//cost_matrices//quota_matrix_sep.json,sim_input.json
6,0,1,61,100,21,192.0,34.0,0.7183257918552036,0.6346153846153845,0.5809985151146133,8.76371132343368,0.17522881506630797,0.11699300796779322,8.76371132343368,0.17522881506630797,0.11699300796779322,nan,nan,nan,.//cost_matrices//cost_matrix_sep.json,.//cost_matrices//quota_matrix_sep.json,sim_input.json
6,0,1,61,100,22,192.0,34.0,0.7183257918552036,0.6346153846153845,0.5809985151146133,8.76371132343368,0.17522881506630797,0.11699300796779322,8.76371132343368,0.17522881506630797,0.11699300796779322,nan,nan,nan,.//cost_matrices//cost_matrix_sep.json,.//cost_matrices//quota_matrix_sep.json,sim_input.json
6,0,1,61,100,23,192.0,34.0,0.7183257918552036,0.6346153846153845,0.5809985151146133,8.76371132343368,0.17522881506630797,0.11699300796779322,8.76371132343368,0.17522881506630797,0.11699300796779322,nan,nan,nan,.//cost_matrices//cost_matrix_sep.json,.//cost_matrices//quota_matrix_sep.json,sim_input.json
6,0,1,61,100,24,192.0,34.0,0.7183257918552036,0.6346153846153845,0.5809985151146133,8.76371132343368,0.17522881506630797,0.11699300796779322,8.76371132343368,0.17522881506630797,0.11699300796779322,nan,nan,nan,.//cost_matrices//cost_matrix_sep.json,.//cost_matrices//quota_matrix_sep.json,sim_input.json
6,0,1,61,100,25,192.0,34.0,0.7183257918552036,0.6346153846153845,0.5809985151146133,8.76371132343368,0.17522881506630797,0.11699300796779322,8.76371132343368,0.17522881506630797,0.11699300796779322,nan,nan,nan,.//cost_matrices//cost_matrix_sep.json,.//cost_matrices//quota_matrix_sep.json,sim_input.json
6,0,1,61,100,26,192.0,34.0,0.7183257918552036,0.6346153846153845,0.5809985151146133,8.76371132343368,0.17522881506630797,0.11699300796779322,8.76371132343368,0.17522881506630797,0.11699300796779322,nan,nan,nan,.//cost_matrices//cost_matrix_sep.json,.//cost_matrices//quota_matrix_sep.json,sim_input.json
6,0,1,61,100,27,192.0,34.0,0.7183257918552036,0.6346153846153845,0.5809985151146133,8.76371132343368,0.17522881506630797,0.11699300796779322,8.76371132343368,0.17522881506630797,0.11699300796779322,nan,nan,nan,.//cost_matrices//cost_matrix_sep.json,.//cost_matrices//quota_matrix_sep.json,sim_input.json
6,0,1,61,100,28,192.0,34.0,0.7183257918552036,0.6346153846153845,0.5809985151146133,8.76371132343368,0.17522881506630797,0.11699300796779322,8.76371132343368,0.17522881506630797,0.11699300796779322,nan,nan,nan,.//cost_matrices//cost_matrix_sep.json,.//cost_matrices//quota_matrix_sep.json,sim_input.json
6,0,1,61,100,29,192.0,34.0,0.7183257918552036,0.6346153846153845,0.5809985151146133,8.76371132343368,0.17522881506630797,0.11699300796779322,8.76371132343368,0.17522881506630797,0.11699300796779322,nan,nan,nan,.//cost_matrices//cost_matrix_sep.json,.//cost_matrices//quota_matrix_sep.json,sim_input.json
6,0,1,61,100,30,192.0,34.0,0.7183257918552036,0.6346153846153845,0.5809985151146133,8.76371132343368,0.17522881506630797,0.11699300796779322,8.76371132343368,0.17522881506630797,0.11699300796779322,nan,nan,nan,.//cost_matrices//cost_matrix_sep.json,.//cost_matrices//quota_matrix_sep.json,sim_input.json
6,0,1,61,100,31,192.0,34.0,0.7183257918552036,0.6346153846153845,0.5809985151146133,8.76371132343368,0.17522881506630797,0.11699300796779322,8.76371132343368,0.17522881506630797,0.11699300796779322,nan,nan,nan,.//cost_matrices//cost_matrix_sep.json,.//cost_matrices//quota_matrix_sep.json,sim_input.json
6,0,1,61,100,32,192.0,34.0,0.7183257918552036,0.6346153846153845,0.5809985151146133,8.76371132343368,0.17522881506630797,0.11699300796779322,8.76371132343368,0.17522881506630797,0.11699300796779322,nan,nan,nan,.//cost_matrices//cost_matrix_sep.json,.//cost_matrices//quota_matrix_sep.json,sim_input.json
6,0,1,61,100,33,192.0,34.0,0.7183257918552036,0.6346153846153845,0.5809985151146133,8.76371132343368,0.17522881506630797,0.11699300796779322,8.76371132343368,0.17522881506630797,0.11699300796779322,nan,nan,nan,.//cost_matrices//cost_matrix_sep.json,.//cost_matrices//quota_matrix_sep.json,sim_input.json
6,0,1,61,100,34,192.0,34.0,0.7183257918552036,0.6346153846153845,0.5809985151146133,8.76371132343368,0.17522881506630797,0.11699300796779322,8.76371132343368,0.17522881506630797,0.11699300796779322,nan,nan,nan,.//cost_matrices//cost_matrix_sep.json,.//cost_matrices//quota_matrix_sep.json,sim_input.json
6,0,1,61,100,35,192.0,34.0,0.7183257918552036,0.6346153846153845,0.5809985151146133,8.76371132343368,0.17522881506630797,0.11699300796779322,8.76371132343368,0.17522881506630797,0.11699300796779322,nan,nan,nan,.//cost_matrices//cost_matrix_sep.json,.//cost_matrices//quota_matrix_sep.json,sim_input.json
6,0,1,61,100,36,192.0,34.0,0.7183257918552036,0.6346153846153845,0.5809985151146133,8.76371132343368,0.17522881506630797,0.11699300796779322,8.76371132343368,0.17522881506630797,0.11699300796779322,nan,nan,nan,.//cost_matrices//cost_matrix_sep.json,.//cost_matrices//quota_matrix_sep.json,sim_input.json
6,0,1,61,100,37,192.0,34.0,0.7183257918552036,0.6346153846153845,0.5809985151146133,8.76371132343368,0.17522881506630797,0.11699300796779322,8.76371132343368,0.17522881506630797,0.11699300796779322,nan,nan,nan,.//cost_matrices//cost_matrix_sep.json,.//cost_matrices//quota_matrix_sep.json,sim_input.json
6,0,1,61,100,38,192.0,34.0,0.7183257918552036,0.6346153846153845,0.5809985151146133,8.76371132343368,0.17522881506630797,0.11699300796779322,8.76371132343368,0.17522881506630797,0.11699300796779322,nan,nan,nan,.//cost_matrices//cost_matrix_sep.json,.//cost_matrices//quota_matrix_sep.json,sim_input.json
6,0,1,61,100,39,192.0,34.0,0.7183257918552036,0.6346153846153845,0.5809985151146133,8.76371132343368,0.17522881506630797,0.11699300796779322,8.76371132343368,0.17522881506630797,0.11699300796779322,nan,nan,nan,.//cost_matrices//cost_matrix_sep.json,.//cost_matrices//quota_matrix_sep.json,sim_input.json
